737965619374574;5.886292e-01;-1.160926e+00;1.604612e+00
737965812111033;-2.577849e-01;-3.644800e-01;-1.484478e-01
737966004945304;-2.269484e+00;-1.007110e+00;-7.880919e-02
737966197677231;-3.753153e-01;-1.897728e-01;-1.455156e-01
737966390516033;1.043356e-01;-3.384572e-01;-2.686659e-01
737966583301658;1.373346e+00;1.097808e+00;-8.883271e-01
737966776031137;9.226502e-01;9.306752e-01;-3.695808e-01
737966968872179;7.384132e-01;7.554793e-01;9.121355e-01
737967161658220;-2.213041e+00;-1.086644e+00;-2.598695e-01
737967354386501;-1.263757e+00;-1.067463e+00;-3.833863e-01
737967547229001;1.312137e-01;-7.729042e-01;-2.458196e-01
737967739953949;7.590604e-01;1.141057e+00;5.949057e-02
737967932798741;1.759657e+00;7.727057e-01;-7.465532e-02
737968125584679;6.456839e-01;5.374006e-01;3.265606e-01
737968318369574;-2.288910e+00;-1.105215e+00;-3.148473e-01
737968511149991;-9.178854e-01;-4.044306e-01;-2.874806e-01
737968703939887;2.149022e-01;-6.159120e-01;-2.107560e-01
737968896726137;7.986445e-01;1.685948e+00;2.318766e-01
737969089501501;1.545610e+00;5.564595e-01;3.083569e-01
737969282295668;3.965733e-01;5.617130e-01;3.001713e-01
737969475067595;-2.444680e+00;-1.525978e+00;-2.641456e-01
737969667866345;-5.115382e-01;-2.690630e-01;-2.222402e-01
737969860651814;1.962097e-01;-1.385823e-01;-2.236529e-02
737970053420772;9.107993e-01;1.313077e+00;2.895423e-01
737970246222231;1.660697e+00;6.435689e-01;3.028591e-01
737970439007543;-3.886321e-01;-2.197051e-01;-1.381852e-01
737970631773845;-2.141936e+00;-1.181450e+00;-2.944444e-01
737970824577751;3.629758e-01;-6.936141e-01;-3.111821e-01
737971017341918;-2.827082e-01;3.209102e-01;-1.937739e-01
737971210148168;1.281839e+00;1.383693e+00;2.712163e-01
737971402933168;1.354287e+00;7.943302e-01;6.150109e-01
737971595695876;-1.159788e+00;-6.911705e-01;-3.942598e-01
737971788502960;-1.769553e+00;-8.463302e-01;-2.420322e-01
737971981288429;7.910698e-01;-9.015524e-01;-5.522981e-02
737972174049731;-4.144106e-01;7.020897e-01;-1.397735e-01
737972366858168;1.656787e+00;1.470435e+00;1.594281e-01
737972559643793;8.411607e-01;7.695292e-01;6.840386e-01
737972752404783;-2.177122e+00;-1.445466e+00;-6.682937e-01
737972945213949;-1.120570e+00;-7.749811e-01;-2.840597e-01
737973137973012;4.064694e-01;-3.758422e-01;-1.219362e-01
737973330782908;9.248491e-01;1.655527e+00;3.305924e-01
737973523568845;1.525207e+00;5.716090e-01;3.768959e-01
737973716352699;-2.301738e-01;1.626962e-01;2.090303e-01
737973909136189;-2.262276e+00;-1.412113e+00;-5.197313e-01
737974101922960;1.759290e-01;-1.046083e+00;-4.437399e-01
737974294708272;-2.162461e-01;1.623297e-01;-2.185750e-01
737974487489158;1.394604e+00;1.308190e+00;3.718868e-01
737974680277699;1.377866e+00;8.027602e-01;5.768930e-01
737974873057022;-7.076257e-01;-4.603858e-01;-2.012265e-01
737975065847491;-1.948048e+00;-1.549191e+00;-6.238227e-01
737975258632595;2.335947e-01;-9.410142e-01;-2.935893e-01
737975451410512;-2.422690e-01;3.159011e-01;-1.075886e-02
737975644201970;1.263879e+00;1.628161e+00;3.241172e-01
737975836986970;1.408410e+00;9.227341e-01;4.082943e-01
737976029763637;-9.210619e-01;8.426113e-02;-2.698877e-01
737976222556345;-1.897957e+00;-1.162269e+00;-6.443478e-01
737976415332647;1.038467e-02;-9.324621e-01;-2.084347e-01
737976608125876;3.543024e-03;2.279366e-01;-1.135063e-01
737976800910356;1.363939e+00;1.664690e+00;5.925311e-01
737976993685824;1.366627e+00;6.212112e-01;6.005945e-01
737977186479626;-9.812931e-01;-6.568400e-01;-3.170465e-01
737977379264731;-2.013899e+00;-1.150052e+00;-3.006752e-01
737977572039366;3.995055e-01;-6.651477e-01;-2.913901e-01
737977764833533;-2.296852e-02;1.012409e+00;1.595502e-01
737977957608324;1.474017e+00;1.066165e+00;3.342575e-01
737978150402647;9.977865e-01;5.410658e-01;5.746939e-01
737978343187908;-1.713842e+00;-1.471733e+00;-6.112389e-01
737978535961397;-1.292223e+00;-7.448044e-01;-2.628016e-01
737978728756710;3.227810e-01;-1.798768e-01;-2.437427e-01
737978921542126;4.719541e-01;1.650518e+00;3.551491e-01
737979114325460;1.162109e+00;1.284122e+00;3.159316e-01
737979307109783;6.428740e-01;6.014192e-01;5.947303e-01
737979499894731;-2.093067e+00;-1.292383e+00;-4.764822e-01
737979692677595;-8.054862e-01;-8.056466e-01;-5.827726e-01
737979885464262;3.893652e-01;-6.306949e-01;-2.403218e-01
737980078248324;6.272359e-01;1.719424e+00;3.162981e-01
737980271030720;1.263024e+00;8.353804e-01;4.404258e-01
737980463817387;2.972467e-01;4.694724e-01;4.378603e-01
737980656601970;-2.135461e+00;-1.498123e+00;-6.322526e-01
737980849383585;-4.487412e-01;-5.937988e-01;-3.631056e-01
737981042170564;3.231474e-01;-3.349142e-01;-1.067868e-01
737981234951710;5.441582e-01;1.487295e+00;3.540496e-01
737981427739470;1.231381e+00;9.416709e-01;4.967475e-01
737981620523845;6.157516e-02;3.885939e-01;4.051179e-01
737981813304783;-1.965762e+00;-1.536729e+00;-8.185664e-01
737982006092387;-1.353676e-01;-1.071495e+00;-6.161259e-01
737982198876658;3.468490e-01;-3.945347e-01;-2.599916e-01
737982391657074;5.812988e-01;1.452965e+00;3.188637e-01
737982584445043;1.272065e+00;9.469243e-01;5.991284e-01
737982777225824;-3.260796e-01;1.459585e-01;1.346270e-01
737982970014158;-1.943161e+00;-1.479553e+00;-6.602302e-01
737983162797804;2.538754e-01;-6.426679e-01;-3.488114e-01
737983355578116;1.026253e-01;-6.540067e-02;-3.043405e-01
737983548365876;7.557617e-01;1.166103e+00;3.706651e-01
737983741151085;1.343536e+00;7.157731e-01;6.242961e-01
737983933930147;-6.916210e-01;-3.092459e-03;-1.613981e-01
737984126718689;-1.908097e+00;-1.238017e+00;-4.891882e-01
737984319503585;4.785514e-01;-5.285584e-01;-1.346422e-01
737984512286606;-3.148397e-01;2.489503e-01;-1.535791e-01
737984705071762;1.178725e+00;1.586255e+00;4.015748e-01
737984897855251;1.184711e+00;7.469271e-01;7.658946e-01
737985090638220;-1.013547e+00;-8.690543e-01;-4.497263e-01
737985283423637;-1.771996e+00;-1.000024e+00;-3.758116e-01
737985476207283;8.426268e-01;-8.551267e-01;-1.453934e-01
737985668990929;-5.001761e-01;6.590848e-01;-3.103957e-02
737985861775460;1.355753e+00;1.523581e+00;3.367010e-01
737986054557960;9.974199e-01;5.894462e-01;7.033420e-01
737986247343897;-1.435899e+00;-1.113278e+00;-5.152109e-01
737986440127543;-1.459234e+00;-6.941027e-01;-5.009167e-01
737986632910147;7.406124e-01;-7.964836e-01;-2.472857e-01
737986825695564;8.600973e-02;1.133727e+00;2.549673e-01
737987018479418;1.195707e+00;1.076672e+00;2.830671e-01
737987211262231;7.484314e-01;4.281780e-01;6.029158e-01
737987404047439;-1.904920e+00;-1.322194e+00;-6.205241e-01
737987596829418;-9.392657e-01;-9.355165e-01;-4.537580e-01
737987789615304;4.878367e-01;-4.558654e-01;-1.914526e-01
737987982398949;5.314522e-01;1.590287e+00;4.641273e-01
737988175181449;1.379455e+00;7.906650e-01;4.111044e-01
737988367967179;1.627343e-01;3.578064e-01;3.415879e-01
737988560750304;-1.965152e+00;-1.577902e+00;-7.810593e-01
737988753532699;-3.533241e-01;-7.645965e-01;-3.419697e-01
737988946318012;2.058614e-01;-1.241658e-01;-1.271897e-01
737989139100408;6.847793e-01;1.722478e+00;3.717646e-01
737989331886345;1.292345e+00;9.821101e-01;6.868486e-01
737989524669158;-5.191129e-01;-3.888917e-02;-4.142429e-02
737989717453533;-1.899301e+00;-1.465991e+00;-6.458138e-01
737989910236554;4.605920e-01;-7.853659e-01;-2.629238e-01
737990103020981;-1.879020e-01;7.668643e-02;-1.737376e-01
737990295803949;1.032239e+00;1.546183e+00;4.344394e-01
737990488587335;1.242499e+00;7.651309e-01;7.761571e-01
737990681371918;-1.068891e+00;-6.466996e-01;-5.117901e-01
737990874154731;-1.603520e+00;-1.253044e+00;-4.714730e-01
737991066939106;7.930246e-01;-1.077115e+00;-2.167424e-01
737991259722387;-3.251022e-01;8.464981e-01;2.381609e-02
737991452505460;1.366260e+00;1.542395e+00;4.742678e-01
737991645290251;9.301025e-01;6.659265e-01;6.695001e-01
737991838073689;-1.721539e+00;-1.406737e+00;-7.437966e-01
737992030856658;-1.002795e+00;-1.005766e+00;-6.300536e-01
737992223640772;2.536310e-01;-7.394289e-01;-1.325653e-01
737992416423324;4.993208e-01;1.541906e+00;4.967476e-01
737992609208012;1.407921e+00;1.446856e+00;4.338285e-01
737992801991554;1.623678e-01;4.915858e-01;4.699917e-01
737992994773845;-2.002903e+00;-1.618219e+00;-8.361593e-01
737993187558481;-1.617570e-01;-9.311182e-01;-5.426999e-01
737993380341762;9.615012e-02;-1.407814e-01;-4.374555e-02
737993573125095;8.982155e-01;1.530789e+00;3.720090e-01
737993765909158;1.344758e+00;8.563941e-01;7.878857e-01
737993958691345;-9.291253e-01;-3.611814e-01;-2.201633e-01
737994151476033;-1.639439e+00;-1.508630e+00;-7.714077e-01
737994344259001;5.632172e-01;-1.117921e+00;-3.697029e-01
737994537042439;-2.950476e-01;5.494957e-01;-1.723937e-01
737994729826293;1.419283e+00;1.841353e+00;5.706622e-01
737994922609106;8.787900e-01;7.965294e-01;7.270435e-01
737995115393481;-1.623678e+00;-1.300813e+00;-6.249223e-01
737995308176085;-1.363328e+00;-7.709495e-01;-4.734278e-01
737995500959887;3.727496e-01;-3.741317e-01;-1.017777e-01
737995693743376;4.698771e-01;1.575137e+00;4.687699e-01
737995886526085;1.464365e+00;1.324805e+00;4.886841e-01
737996079310043;-6.255256e-02;5.088121e-01;3.145877e-01
737996272092595;-2.149266e+00;-1.755541e+00;-6.651171e-01
737996464876501;1.804495e-01;-8.572036e-01;-3.611508e-01
737996657659418;-2.638936e-01;2.384434e-01;3.151297e-02
737996850443168;1.317513e+00;1.217782e+00;4.234438e-01
737997043226085;1.261558e+00;5.661112e-01;6.784186e-01
737997236009470;-1.153068e+00;-1.114744e+00;-5.510076e-01
737997428792751;-1.556483e+00;-1.196967e+00;-6.076959e-01
737997621575668;7.020057e-01;-7.691169e-01;-1.621311e-01
737997814359210;1.037248e-01;1.601405e+00;3.293706e-01
737998007142231;1.423926e+00;9.856531e-01;4.023079e-01
737998199925564;2.042732e-01;5.158981e-01;4.366385e-01
737998392708637;-1.978224e+00;-1.708749e+00;-8.434897e-01
737998585490440;-3.450164e-01;-7.395511e-01;-3.783773e-01
737998778274294;3.257131e-01;1.354516e-01;3.168846e-03
737998971057367;8.356628e-01;1.856502e+00;3.315697e-01
737999163841116;1.228693e+00;9.626846e-01;8.677868e-01
737999356624502;-1.047633e+00;-6.407131e-01;-4.314003e-01
737999549406741;-1.611705e+00;-1.236428e+00;-6.835653e-01
737999742190179;7.512414e-01;-9.731457e-01;-5.241984e-02
737999934973720;-2.136804e-01;1.053337e+00;6.083447e-02
738000127755960;1.390084e+00;1.287665e+00;4.489779e-01
738000320540127;6.137968e-01;6.350168e-01;6.131783e-01
738000513322158;-1.974559e+00;-1.432516e+00;-8.051274e-01
738000706105491;-6.717069e-01;-8.218956e-01;-5.496637e-01
738000898889345;3.970621e-01;-3.424890e-01;-4.044687e-02
738001091671637;6.489826e-01;1.755098e+00;3.888688e-01
738001284455595;1.347690e+00;7.744161e-01;7.189801e-01
738001477238095;-6.125752e-01;-1.536096e-01;-1.028773e-01
738001670021324;-1.701136e+00;-1.404416e+00;-8.221093e-01
738001862804345;4.398226e-01;-7.493249e-01;-1.678732e-01
738002055586845;-1.153313e-01;6.269534e-01;-9.322561e-02
738002248370022;1.101633e+00;1.400430e+00;5.839790e-01
738002441152783;1.042379e+00;6.728904e-01;7.632067e-01
738002633936168;-1.346102e+00;-1.230931e+00;-6.043972e-01
738002826719397;-1.450926e+00;-8.113888e-01;-5.875373e-01
738003019501793;6.035343e-01;-5.981969e-01;-7.013492e-02
738003212284814;1.270598e-01;1.483263e+00;3.812941e-01
738003405067574;1.213544e+00;1.219248e+00;4.311407e-01
738003597850647;4.109898e-01;5.430206e-01;5.755491e-01
738003790633981;-1.974559e+00;-1.552368e+00;-7.875345e-01
738003983416689;-4.528951e-01;-8.565928e-01;-5.254735e-01
738004176199293;1.904676e-01;5.581793e-03;-1.149724e-01
738004368982366;9.065232e-01;1.421811e+00;4.559418e-01
738004561764970;1.330341e+00;6.386820e-01;7.274101e-01
738004754547991;-8.172149e-01;-3.391902e-01;-1.639637e-01
738004947330283;-1.718973e+00;-1.403194e+00;-7.273033e-01
738005140113304;6.315119e-01;-7.863433e-01;-1.080085e-01
738005332896741;-3.492925e-01;8.116788e-01;-6.109412e-02
738005525679137;1.372735e+00;1.531155e+00;4.119596e-01
738005718462366;7.685900e-01;7.397190e-01;7.683380e-01
738005911244554;-1.405844e+00;-1.193424e+00;-6.257775e-01
738006104027366;-1.281350e+00;-1.139790e+00;-7.428192e-01
738006296810699;5.243663e-01;-6.211655e-01;-1.047099e-01
738006489592991;2.648709e-01;1.267506e+00;3.227732e-01
738006682376116;1.273409e+00;1.351683e+00;4.197786e-01
738006875158512;3.588220e-01;5.774733e-01;5.779926e-01
738007067941116;-1.949758e+00;-1.687124e+00;-7.861906e-01
738007260724345;-4.713432e-01;-6.449892e-01;-4.284681e-01
738007453506845;2.405586e-01;-1.841528e-01;5.167151e-02
738007646289762;8.326086e-01;1.372208e+00;3.777511e-01
738007839072366;1.403523e+00;6.579853e-01;7.602746e-01
738008031855387;-9.926553e-01;-6.888492e-01;-3.872959e-01
738008224638199;-1.444573e+00;-1.356891e+00;-7.971862e-01
738008417420387;8.014544e-01;-1.071495e+00;-1.935296e-01
738008610203147;-2.449567e-01;1.286321e+00;-8.284088e-02
738008802985960;1.126557e+00;1.551681e+00;5.259469e-01
738008995768512;6.378649e-01;5.959214e-01;6.933238e-01
738009188551429;-1.853608e+00;-1.519870e+00;-7.016469e-01
738009381333824;-8.153822e-01;-8.436424e-01;-5.883926e-01
738009574116220;2.910159e-01;-4.616075e-01;3.786597e-02
738009766899085;6.403084e-01;1.727732e+00;4.688922e-01
738009959681689;1.415862e+00;9.763680e-01;5.643092e-01
738010152464762;-2.180787e-01;3.592725e-01;2.069533e-01
738010345247366;-1.845056e+00;-1.852180e+00;-7.819145e-01
738010538029449;1.244942e-01;-7.358859e-01;-4.028118e-01
738010730812470;5.180130e-02;3.204215e-01;-1.210810e-01
738010923594397;1.011959e+00;1.540196e+00;4.940597e-01
738011116377574;1.104199e+00;7.449724e-01;8.704746e-01
738011309246324;-1.338160e+00;-1.020060e+00;-6.037863e-01
738011501941637;-1.290635e+00;-1.139790e+00;-7.214389e-01
738011694724970;5.527104e-01;-5.940430e-01;-1.474704e-01
738011887524033;6.340771e-02;1.316375e+00;2.747593e-01
738012080290231;1.387152e+00;1.194080e+00;5.039557e-01
738012273072158;2.041510e-01;5.747854e-01;5.384085e-01
738012465900908;-2.021351e+00;-1.410158e+00;-8.706121e-01
738012658637470;-1.826485e-01;-7.821894e-01;-4.515588e-01
738012851419554;1.654222e-01;1.137049e-01;-7.783180e-02
738013049819241;6.923540e-01;1.974399e+00;4.420141e-01
738013250066741;1.014768e+00;9.615849e-01;9.707785e-01
738013447737054;-1.061072e+00;-7.890310e-01;-4.276129e-01
738013647436949;-1.519465e+00;-1.272836e+00;-6.635289e-01
738013848066116;6.262585e-01;-8.573259e-01;-1.626198e-01
738014045509189;6.817247e-02;1.070319e+00;2.973613e-01
738014245302262;1.421482e+00;9.658611e-01;3.555156e-01
738014446258824;1.747073e-01;4.402731e-01;4.194121e-01
738014643333981;-1.980546e+00;-1.430928e+00;-8.524082e-01
738014843132522;-4.324923e-02;-7.312433e-01;-4.091649e-01
738015044687366;-2.112370e-01;4.628751e-01;1.025490e-02
738015241431272;1.045800e+00;1.564508e+00;4.954037e-01
738015440899397;1.082819e+00;5.090564e-01;8.765833e-01
738015642650231;-1.474383e+00;-1.284809e+00;-6.221123e-01
738015844815856;-1.049099e+00;-1.163369e+00;-7.365883e-01
738016046678043;2.543641e-01;-5.141419e-01;-2.164981e-01
738016243604710;6.409192e-01;1.854669e+00;4.991910e-01
738016443790960;1.216598e+00;1.064210e+00;6.335812e-01
738016646124502;-7.352368e-01;-4.909290e-01;-2.195524e-01
738016848845074;-1.810481e+00;-1.239116e+00;-6.779454e-01
738017051231533;7.436667e-01;-7.809676e-01;-1.077642e-01
738017253650283;-9.248491e-02;1.384792e+00;2.960174e-01
738017456419866;1.267422e+00;1.100129e+00;4.222220e-01
738017658882679;4.091572e-01;3.418017e-01;5.855672e-01
738017861444189;-1.917749e+00;-1.688468e+00;-8.790420e-01
738018064282835;-1.406211e-01;-5.201284e-01;-3.394040e-01
738018266617158;-1.243721e-01;2.314796e-01;3.542251e-02
738018469649345;1.010126e+00;1.586500e+00;4.927158e-01
738018672449397;1.070968e+00;6.236547e-01;7.789671e-01
738018875376585;-1.237978e+00;-1.093608e+00;-5.996325e-01
738019077384502;-1.118737e+00;-1.141133e+00;-7.215610e-01
738019280086324;5.467239e-01;-6.848176e-01;-1.104520e-01
738019482167783;4.681667e-01;1.465426e+00;5.076209e-01
738019685229345;1.375912e+00;1.090233e+00;5.316890e-01
738019887042991;-4.692662e-01;1.697822e-01;1.194775e-01
738020090342106;-1.794965e+00;-1.530743e+00;-9.578435e-01
738020292818668;6.976075e-01;-9.689919e-01;-8.772780e-02
738020496106481;-4.302932e-01;7.444838e-01;4.079810e-02
738020697661168;1.369681e+00;1.688514e+00;4.299189e-01
738020900321377;6.189281e-01;6.695917e-01;7.597858e-01
738021102504710;-1.774806e+00;-1.548825e+00;-7.660320e-01
738021305472627;-5.567421e-01;-1.147609e+00;-6.048859e-01
738021507347106;3.165500e-01;-2.773707e-01;-1.434387e-01
738021710855439;5.932717e-01;1.682894e+00;4.168464e-01
738021912842679;1.267789e+00;6.983024e-01;7.094506e-01
738022116528616;-6.641322e-01;-5.266036e-01;-1.620090e-01
738022318076689;-1.604864e+00;-1.078337e+00;-6.222345e-01
738022520788147;4.364018e-01;-7.396731e-01;-2.173533e-01
738022722948460;-1.599244e-01;1.208985e+00;2.522795e-01
738022925892366;1.178602e+00;1.362435e+00;4.809873e-01
738023127817783;5.474569e-01;3.601277e-01;5.817799e-01
738023331277574;-1.753426e+00;-1.754075e+00;-6.785562e-01
738023533354554;-2.539975e-01;-5.741289e-01;-4.057439e-01
738023736858824;3.555230e-02;2.170631e-01;-1.857793e-02
738023938515283;9.596685e-01;1.649541e+00;5.178835e-01
738024141172835;1.020511e+00;6.609174e-01;6.848938e-01
738024343413147;-1.250562e+00;-1.049137e+00;-5.802069e-01
738024546238095;-1.141217e+00;-1.124762e+00;-6.660946e-01
738024748305699;4.642573e-01;-4.882413e-01;-1.566334e-01
738024951643356;2.086714e-01;1.318452e+00;3.293706e-01
738025153878356;1.288436e+00;9.449695e-01;4.181903e-01
738025357132574;1.530827e-01;3.349601e-01;4.068283e-01
738025558964241;-1.920070e+00;-1.496657e+00;-7.654212e-01
738025761507106;1.832594e-01;-3.217195e-01;-1.739819e-01
738025963888252;-3.951073e-01;-8.568142e-02;-3.184127e-03
738026166539554;1.079276e+00;1.636468e+00;4.233216e-01
738026368803772;9.299805e-01;8.122897e-01;8.424969e-01
738026571975439;-1.295766e+00;-8.640453e-01;-5.499081e-01
738026774407835;-8.593645e-01;-1.276257e+00;-6.853979e-01
738026977372314;3.608988e-01;-3.666792e-01;-1.694615e-01
738027179417106;9.920441e-02;1.290108e+00;3.930227e-01
738027381809918;1.248974e+00;1.203243e+00;6.021827e-01
738027584367210;-1.839925e-01;5.188531e-02;2.662072e-01
738027786812731;-1.748539e+00;-1.700075e+00;-9.478253e-01
738027989305856;4.731758e-01;-6.316723e-01;-2.312810e-01
738028192287106;-1.221898e-04;3.983678e-01;-5.596286e-02
738028394939293;1.119104e+00;1.606536e+00;5.247252e-01
738028597591377;7.423227e-01;6.474785e-01;6.228300e-01
738028799872366;-1.641516e+00;-1.182306e+00;-7.092217e-01
738029002093929;-1.065837e+00;-4.871417e-01;-3.857076e-01
738029204846533;4.466643e-01;-2.947193e-01;-7.599922e-02
738029407068095;4.629133e-01;1.967435e+00;4.308963e-01
738029609808460;9.467181e-01;1.429752e+00;6.025493e-01
738029812585439;-7.452521e-03;5.804055e-01;2.246684e-01
738030015469449;-1.933387e+00;-1.060377e+00;-6.445921e-01
738030217797366;-3.552789e-01;2.614119e-01;1.083598e-01
738030420327574;1.901011e-01;-8.665880e-02;7.561741e-02
738030622366533;5.694481e-01;1.966946e+00;5.486710e-01
738030825325804;1.331074e+00;3.448560e-01;7.701706e-01
738031027312783;-8.389616e-01;-7.930628e-01;-4.244364e-01
738031230309762;-1.886228e+00;-1.292384e+00;-5.852161e-01
738031432874970;5.711585e-01;-3.038823e-01;-2.300593e-01
738031635997314;3.469710e-02;8.280500e-01;-6.097195e-02
738031837994710;8.655952e-01;1.718813e+00;5.492819e-01
738032040780074;8.177035e-01;8.269504e-01;6.730431e-01
738032242632106;-1.688430e+00;-1.187070e+00;-6.309087e-01
738032445804814;-1.557827e+00;-3.595932e-01;-3.309741e-01
738032648277106;4.946783e-01;-1.288085e-01;-1.894979e-01
738032851513408;3.838674e-01;2.508173e+00;5.634539e-01
738033053303408;9.363335e-01;1.410571e+00;7.320526e-01
738033256561168;-3.386634e-01;4.847440e-01;1.292514e-01
738033458196689;-2.164538e+00;-1.018105e+00;-4.548575e-01
738033661263668;6.071996e-02;-2.095648e-01;-2.285932e-01
738033862901272;-2.080606e-01;5.013596e-01;5.032759e-02
738034066310752;1.018800e+00;1.904882e+00;5.387750e-01
738034268584814;9.129983e-01;6.527318e-01;7.396274e-01
738034472048460;-1.010859e+00;-6.394914e-01;-4.657309e-01
738034673518929;-1.737666e+00;-5.411422e-01;-3.749564e-01
738034877118720;5.627285e-01;-1.985692e-01;-2.416657e-01
738035078385752;2.125809e-01;1.605803e+00;5.823907e-01
738035281742210;1.094670e+00;1.174899e+00;4.454350e-01
738035483157887;2.581514e-01;5.546270e-01;6.164770e-01
738035686811429;-1.794476e+00;-1.311442e+00;-8.013400e-01
738035888883304;-2.073275e-01;-7.984384e-01;-6.423930e-01
738036092577158;4.504516e-01;-3.924577e-01;-1.269453e-01
738036293725595;4.792844e-01;2.085332e+00;3.969322e-01
738036497670699;1.017212e+00;1.074961e+00;6.796405e-01
738036698567574;-7.148339e-01;1.495015e-01;-2.053804e-01
738036901817783;-1.994107e+00;-1.261230e+00;-6.157593e-01
738037103408408;6.003578e-01;-3.329594e-01;-8.559744e-03
738037307123772;-1.562592e-01;8.975664e-01;5.521452e-02
738037508926637;1.133521e+00;1.229388e+00;4.491001e-01
738037712797106;8.410386e-01;4.592099e-01;7.067628e-01
738037913794033;-1.738643e+00;-1.171432e+00;-7.646881e-01
738038117862835;-9.436639e-01;-7.620308e-01;-5.222970e-01
738038319022835;3.103193e-01;-2.324111e-01;-1.246928e-02
738038522078824;5.070177e-01;2.017648e+00;5.065214e-01
738038723888981;1.132299e+00;8.330590e-01;6.448211e-01
738038927427522;-3.066541e-01;1.642844e-01;4.458551e-02
738039129436220;-1.848721e+00;-1.506064e+00;-7.188733e-01
738039333009137;3.055545e-01;-6.765097e-01;-2.849149e-01
738039534327158;-1.820377e-01;4.628751e-01;-1.115515e-01
738039738048199;9.831257e-01;1.466159e+00;5.991284e-01
738039939478720;9.144645e-01;6.494332e-01;8.047456e-01
738040142331793;-1.279884e+00;-8.278820e-01;-5.150887e-01
738040344370752;-1.160765e+00;-9.521319e-01;-6.432482e-01
738040547726220;4.769632e-01;-3.275838e-01;-2.241950e-01
738040749945387;3.270569e-01;1.310389e+00;4.676704e-01
738040953214502;1.151480e+00;1.144967e+00;5.116526e-01
738041154861949;6.963851e-03;3.157789e-01;3.683438e-01
738041358228981;-1.758313e+00;-1.579123e+00;-8.875940e-01
738041559936272;2.041510e-01;-4.722366e-01;-2.824715e-01
738041762581168;1.310915e-01;4.650975e-02;5.887973e-02
738041964852470;7.970563e-01;1.500612e+00;3.742081e-01
738042168020283;1.043479e+00;7.634205e-01;7.485460e-01
738042370454137;-5.957153e-01;1.305732e-03;-1.686063e-01
738042573416116;-1.775784e+00;-1.402584e+00;-7.604120e-01
738042775395699;6.889333e-01;-7.173156e-01;-7.856485e-02
738042978406220;-2.483776e-01;9.537660e-01;1.100702e-01
738043180394970;1.248485e+00;1.220469e+00;4.643717e-01
738043382828512;5.777557e-01;4.841332e-01;6.456763e-01
738043585334449;-1.735467e+00;-1.644119e+00;-7.940096e-01
738043788312835;-6.874671e-01;-9.107154e-01;-5.709218e-01
738043990964345;4.159989e-01;-2.651534e-01;-3.580432e-02
738044193616429;5.401266e-01;1.910380e+00;4.831864e-01
738044395929189;1.114339e+00;8.541950e-01;6.401786e-01
738044598581533;-5.296197e-01;-5.197619e-01;-8.149701e-02
738044800853147;-1.602054e+00;-1.499100e+00;-7.661542e-01
738045003074085;6.210050e-01;-7.505466e-01;-2.066021e-01
738045205817574;-4.406778e-01;7.314112e-01;8.807906e-02
738045408604970;1.231503e+00;1.450765e+00;4.768334e-01
738045611474710;8.465363e-01;6.835195e-01;7.391386e-01
738045813815856;-1.506148e+00;-1.194645e+00;-6.199132e-01
738046016463564;-1.197173e+00;-7.136503e-01;-5.130119e-01
738046218755335;2.829526e-01;-3.624032e-01;-1.610316e-01
738046421309814;3.610210e-01;1.586866e+00;5.024897e-01
738046623317627;1.077321e+00;1.357181e+00;5.833681e-01
738046826299918;-3.824018e-02;4.474813e-01;4.770778e-01
738047028895856;-1.718607e+00;-1.524390e+00;-9.149609e-01
738047231984397;3.472155e-01;-9.211000e-01;-3.468566e-01
738047434014606;-2.073275e-01;1.540219e-01;-1.460043e-01
738047636998252;1.082452e+00;1.616310e+00;5.859337e-01
738047838929241;9.787275e-01;6.050844e-01;7.156814e-01
738048041767470;-1.127045e+00;-9.952590e-01;-5.580937e-01
738048243560856;-1.373102e+00;-1.043151e+00;-6.114832e-01
738048446781689;4.272388e-01;-4.036976e-01;2.149482e-02
738048649185231;3.970620e-01;1.519549e+00;3.865476e-01
738048852492783;1.278540e+00;1.040509e+00;5.674856e-01
738049054211845;-3.003011e-01;7.693081e-02;7.891607e-02
738049257531689;-1.730213e+00;-1.718767e+00;-8.790421e-01
738049459102731;5.469683e-01;-8.033254e-01;-2.959105e-01
738049662225335;3.323105e-02;2.757062e-01;-2.489961e-01
738049863803668;9.071341e-01;1.736284e+00;5.461054e-01
738050067263147;9.072563e-01;8.076471e-01;8.236824e-01
738050269474658;-1.440785e+00;-1.241560e+00;-7.408643e-01
738050473001377;-1.123258e+00;-9.647157e-01;-7.077555e-01
738050674408460;5.426922e-01;-3.650908e-01;-6.097194e-02
738050878064293;2.408029e-01;1.456996e+00;4.969918e-01
738051079275595;1.210123e+00;1.079482e+00;5.732278e-01
738051282682731;-9.199625e-02;2.745075e-02;2.368856e-01
738051484047002;-1.940961e+00;-1.265872e+00;-6.486239e-01
738051687745699;4.410444e-01;-3.985664e-01;-2.019595e-01
738051889764970;-4.944339e-01;5.149208e-01;-1.023886e-01
738052093511064;1.104566e+00;1.662491e+00;4.774442e-01
738052294605856;7.935132e-01;6.322068e-01;8.696193e-01
738052498597991;-1.632841e+00;-9.412586e-01;-7.881453e-01
738052699446949;-7.891151e-01;-9.520098e-01;-5.138671e-01
738052902739241;5.189906e-01;-3.358916e-01;8.685730e-02
738053104289241;4.455647e-01;1.666889e+00;4.425028e-01
738053308035387;1.192774e+00;1.142035e+00;6.785409e-01
738053509810908;-5.040856e-01;-2.935967e-02;-3.946950e-02
738053713708356;-1.692584e+00;-1.400140e+00;-8.302949e-01
738053914677138;7.046936e-01;-8.735747e-01;-1.284115e-01
738054118770522;-4.035372e-01;5.157760e-01;1.336265e-03
738054319903335;1.190698e+00;1.624984e+00;4.609509e-01
738054522981825;7.703004e-01;7.337325e-01;7.957047e-01
738054724769689;-1.463632e+00;-1.094463e+00;-7.863127e-01
