6.874818952184480000e+14;-1.088103000000000042e+00;-4.516581000000000068e-02;-1.094288000000000066e-01
6.874820978785520000e+14;1.273744999999999905e+00;-1.011210000000000025e-01;1.461570000000000091e-01
6.874823005400110000e+14;2.814346000000000014e+00;6.061381999999999604e-01;-1.176143999999999940e-01
6.874825028665210000e+14;-4.639210999999999752e-01;4.585532999999999970e-01;-3.833404999999999729e-01
6.874827055279800000e+14;-2.012096999999999802e+00;-1.242339000000000082e+00;7.224239000000000355e-02
6.874829078123550000e+14;-1.378263000000000016e+00;-4.521239000000000230e-01;-8.389462999999999782e-02
6.874831100428230000e+14;5.023446999999999774e-01;-2.568914999999999949e-01;2.789360999999999924e-02
6.874833127995940000e+14;3.071274999999999977e+00;1.437135999999999969e-01;3.015610000000000235e-01
6.874835156055320000e+14;9.486426000000000025e-01;9.843855999999999717e-01;-2.331900000000000084e-01
6.874837184722500000e+14;-2.502864999999999895e+00;-1.818262000000000045e+00;-9.733366000000000240e-02
6.874839208344380000e+14;-1.677464999999999984e+00;-9.955492999999999704e-01;-6.165915999999999758e-02
6.874841234825630000e+14;-9.013003000000000542e-01;-3.124801999999999857e-01;1.918497000000000119e-01
6.874843257948550000e+14;1.050901000000000085e+00;-5.739303000000000043e-01;-1.620852999999999877e-01
6.874845283508960000e+14;1.619005000000000027e+00;-9.246889000000000358e-01;4.675941000000000125e-01
6.874847303777710000e+14;-6.991041000000000061e-01;-7.984841999999999773e-01;4.646390000000000242e-02
6.874849333624590000e+14;-3.123045999999999878e-01;-1.546305000000000041e+00;-4.042320999999999831e-01
6.874851359818340000e+14;-1.300683999999999951e+00;-2.896926999999999808e+00;1.824424000000000046e-01
6.874853390632400000e+14;-4.487717999999999985e-01;-1.382959999999999967e+00;1.134146999999999933e-01
6.874855411188650000e+14;3.145433999999999841e+00;-1.716979999999999951e+00;-6.605737999999999888e-02
6.874857440986570000e+14;2.148747000000000185e+00;1.249133999999999967e+00;4.267883000000000093e-01
6.874859460533960000e+14;-2.071839000000000208e+00;-1.855401999999999996e+00;-1.138269999999999976e-01
6.874861488891770000e+14;-1.576916999999999902e+00;-1.324561000000000099e+00;5.815814000000000261e-01
6.874863507045420000e+14;-7.779057000000000333e-01;-7.915204000000000129e-01;2.987509999999999888e-01
6.874865539235000000e+14;2.862359000000000098e+00;-4.234132999999999925e-01;-1.046640999999999960e-01
6.874867563517300000e+14;1.603123000000000076e+00;1.257808999999999955e+00;-4.553233000000000280e-02
6.874869596529800000e+14;-2.394864999999999799e+00;-1.626206000000000040e+00;-9.183587000000000000e-02
6.874871613974590000e+14;-1.427988000000000035e+00;2.474384000000000028e-01;-1.356960000000000111e-01
6.874873647127710000e+14;-5.168220999999999510e-01;-2.224387999999999921e-01;7.407497999999999860e-02
6.874875663075630000e+14;1.931402000000000063e+00;-2.664210000000000189e-01;-1.305745000000000083e-03
6.874877694272500000e+14;2.971214999999999939e+00;1.380225999999999953e+00;-2.678870999999999891e-01
6.874879710274070000e+14;-2.227488000000000135e+00;-7.578006000000000464e-01;-1.613523000000000041e-01
6.874881744850110000e+14;-1.773981999999999948e+00;-4.378295999999999855e-01;4.817430999999999797e-02
6.874883767199070000e+14;-1.277592999999999979e+00;-1.694386000000000156e-02;6.906587999999999616e-02
6.874885802421980000e+14;1.563905000000000101e+00;-5.703873999999999889e-01;-1.816558999999999882e-02
6.874887816719380000e+14;3.187705999999999928e+00;7.235462999999999756e-01;3.018052999999999986e-01
6.874889853242820000e+14;1.052825000000000011e-01;3.699778000000000233e-01;-4.003455000000000208e-02
6.874891865574070000e+14;-2.849835999999999814e+00;-2.961678000000000033e+00;-1.205465000000000009e-01
6.874893899628230000e+14;-1.833847000000000005e+00;-1.597250999999999976e+00;3.627696999999999727e-01
6.874895913481880000e+14;-6.437597999999999931e-01;-1.199211000000000027e+00;5.919661000000000506e-01
6.874897950460000000e+14;2.467496999999999829e+00;-7.873664000000000218e-01;-7.058771000000000351e-01
6.874899970861050000e+14;1.310885000000000078e+00;-6.476005999999999707e-01;5.235492000000000479e-01
6.874902008300630000e+14;-1.054872000000000032e+00;-9.575533999999999990e-01;-4.174496999999999930e-02
6.874904019456880000e+14;-6.113838999999999801e-01;-2.255030000000000090e+00;6.862835999999999936e-01
6.874906059367300000e+14;-1.328173000000000048e+00;-2.602733999999999881e+00;-1.738138999999999934e-01
6.874908068054800000e+14;-1.538462999999999914e-01;-1.182107000000000019e+00;4.245891999999999999e-01
6.874910100977710000e+14;2.669937000000000005e+00;-7.387415999999999983e-01;-4.049651000000000223e-01
6.874912116665210000e+14;2.556683000000000039e+00;1.237406000000000006e+00;-4.290332000000000034e-01
6.874914154148550000e+14;-1.730976999999999988e+00;-5.333689000000000346e-01;-4.113411000000000151e-02
6.874916172059480000e+14;-1.577282999999999991e+00;-1.201899000000000051e+00;5.984412000000000065e-01
6.874918211069900000e+14;-1.354683999999999999e+00;-1.355737999999999943e-01;1.955148999999999915e-01
6.874920220914170000e+14;1.248944000000000054e+00;-6.144918000000000324e-01;-8.548287000000000246e-02
6.874922261889690000e+14;3.105360999999999816e+00;5.806040000000000090e-01;-3.575851000000000030e-02
6.874924273366250000e+14;-1.770590999999999970e-01;5.925768999999999620e-01;-1.168812999999999935e-01
6.874926304194380000e+14;-2.063042999999999960e+00;-1.249546999999999963e+00;7.236457000000000306e-02
6.874928322212610000e+14;-1.374476000000000031e+00;1.461570000000000091e-01;-1.110170000000000046e-01
6.874930357812610000e+14;-3.463907999999999987e-01;-3.344713000000000269e-01;1.268537000000000137e-01
6.874932377878750000e+14;2.884961000000000109e+00;-1.239673000000000025e-01;-3.036838000000000037e-01
6.874934413811050000e+14;1.447962999999999889e+00;1.088843000000000005e+00;-4.272005999999999859e-01
6.874936426988650000e+14;-2.246668999999999805e+00;-1.197867999999999933e+00;9.765437000000000423e-02
6.874938464389690000e+14;-1.521449999999999969e+00;9.887608000000000508e-02;7.175368999999999498e-02
6.874940478688650000e+14;-1.148090000000000055e+00;-1.853211000000000094e-02;2.728503999999999929e-01
6.874942507395940000e+14;2.615569999999999951e+00;-4.572551000000000254e-01;-3.133353999999999862e-01
6.874944527770940000e+14;2.388694999999999791e+00;1.437281000000000031e+00;-3.388694999999999902e-01
6.874946561472500000e+14;-2.104214999999999947e+00;-7.542575999999999725e-01;-2.118096999999999897e-01
6.874948583713650000e+14;-1.676366000000000023e+00;-3.387473999999999763e-01;1.580078000000000038e-01
6.874950616544900000e+14;-1.251692000000000027e+00;-3.321500000000000008e-01;3.876700999999999758e-02
6.874952633058440000e+14;1.271911999999999932e+00;-7.841900000000000537e-01;-3.407022000000000106e-01
6.874954666870940000e+14;2.121014000000000177e+00;-2.153527000000000080e-01;3.361359999999999904e-01
6.874956684001670000e+14;-1.022373999999999894e+00;-6.351390000000000091e-01;-9.537888999999999395e-02
6.874958710583440000e+14;-4.749167999999999723e-01;-1.442824000000000106e+00;-1.225012999999999935e-01
6.874960733344380000e+14;-1.681740999999999930e+00;-3.568633000000000166e+00;4.299647999999999803e-01
6.874962765136050000e+14;-4.328892999999999769e-01;-1.637934000000000001e+00;4.609736999999999862e-02
6.874964789561050000e+14;3.159240000000000048e+00;-1.420589000000000102e+00;-7.299453000000000191e-01
6.874966819282920000e+14;2.560715000000000074e+00;1.118165000000000076e+00;5.802374999999999616e-01
6.874968839825630000e+14;-1.849850999999999912e+00;-1.374773999999999941e+00;-1.950719999999999954e-01
6.874970863830840000e+14;-1.866222000000000047e+00;-2.078246000000000038e+00;6.054051000000000293e-01
6.874972889500630000e+14;-1.102640999999999982e+00;-9.764901999999999749e-01;4.098062000000000094e-01
6.874974914040210000e+14;1.506605999999999890e+00;-7.679409999999999847e-01;-1.156596000000000013e-01
6.874976939076670000e+14;2.806648000000000032e+00;1.490892000000000051e-01;-1.156825000000000041e-02
6.874978968975110000e+14;-1.404042000000000012e+00;-2.964755000000000029e-01;5.147298000000000151e-02
6.874980995585000000e+14;-1.537088999999999928e+00;-2.634888000000000230e-01;2.625877999999999823e-01
6.874983022199590000e+14;-1.199524999999999952e+00;-1.506010999999999878e-01;4.255435999999999941e-02
6.874985045103230000e+14;1.161589999999999900e+00;-1.571983999999999881e-01;-3.050506000000000051e-02
6.874987067407400000e+14;2.756924000000000152e+00;4.421821000000000224e-01;-3.855395999999999823e-01
6.874989095024590000e+14;-8.786981999999999848e-01;5.704635999999999596e-01;-1.747913000000000106e-01
6.874991117326150000e+14;-1.623586999999999891e+00;-7.901764999999999484e-01;1.259985000000000133e-01
6.874993144815730000e+14;-1.330983000000000027e+00;-4.516582000000000235e-02;2.569449999999999859e-02
6.874995172679270000e+14;6.903688000000000047e-01;-1.923842000000000052e-01;2.166275999999999965e-02
6.874997201605840000e+14;2.812269000000000130e+00;2.691852000000000134e-01;-2.843803999999999776e-01
6.874999224987090000e+14;2.711933999999999734e-01;9.240321999999999703e-01;-3.438786999999999816e-01
6.875001250379800000e+14;-2.252410999999999941e+00;-1.419610999999999956e+00;6.662244000000000499e-02
6.875003270868340000e+14;-1.587178999999999895e+00;-1.549993000000000065e-01;1.506544999999999933e-02
6.875005300552710000e+14;-3.184133000000000102e-01;-2.462624999999999953e-01;2.799363999999999741e-01
6.875007320514170000e+14;3.292164000000000090e+00;5.599339999999999873e-02;5.941424000000000011e-02
6.875009350569380000e+14;1.901102999999999987e+00;6.089480999999999922e-01;1.975918000000000119e-01
6.875011376319900000e+14;-2.114721999999999991e+00;-1.502933000000000074e+00;-1.523114999999999886e-01
6.875013407633440000e+14;-2.197067000000000103e+00;-2.620938000000000212e+00;4.550101999999999758e-01
6.875015427694380000e+14;-1.608071000000000028e+00;-1.079725999999999964e+00;5.608119000000000298e-01
6.875017455632920000e+14;9.581720000000000237e-01;-1.026825000000000099e+00;-6.540757000000000376e-01
6.875019474254270000e+14;2.211177999999999866e+00;-1.147899000000000003e+00;-7.008910000000000140e-02
6.875021506068860000e+14;-7.438194000000000194e-01;-8.881592000000000375e-01;2.939862999999999782e-01
6.875023523640210000e+14;8.585702000000000611e-02;-2.090584999999999916e+00;2.052886999999999906e-01
6.875025556319900000e+14;-1.497748999999999997e+00;-2.623625999999999792e+00;1.340619000000000116e-01
6.875027579916770000e+14;1.271515000000000006e-01;-1.317963999999999913e+00;3.698557000000000095e-01
6.875029613645940000e+14;2.646723999999999855e+00;-8.761862999999999735e-01;-6.191343999999999737e-01
6.875031630361570000e+14;2.019487999999999950e+00;1.288473999999999897e+00;-9.073631999999999531e-02
6.875033660889690000e+14;-2.242269999999999985e+00;-1.673608999999999902e+00;2.781038000000000121e-01
6.875035677595420000e+14;-1.403553000000000051e+00;1.021747999999999962e-01;4.541550999999999783e-01
6.875037711567300000e+14;-9.147393999999999803e-01;4.169914999999999733e-02;5.677758000000000527e-01
6.875039726724070000e+14;2.468230000000000146e+00;-7.254247999999999807e-01;-7.367869999999999697e-01
6.875041762055320000e+14;2.437441999999999886e+00;1.341496999999999939e+00;-4.445490999999999748e-01
6.875043783483960000e+14;-1.998901999999999957e+00;-8.708105999999999902e-01;2.005240000000000078e-01
6.875045819644380000e+14;-1.505811999999999928e+00;-6.926824000000000314e-01;1.538538999999999879e-01
6.875047833008440000e+14;-1.107283999999999935e+00;-1.706373999999999946e-01;2.832351000000000174e-01
6.875049866137090000e+14;1.289749000000000034e+00;-6.446912999999999949e-02;-1.266551999999999956e-01
6.875051880921460000e+14;2.722471000000000085e+00;1.065997000000000083e+00;-4.290332000000000034e-01
6.875053917068860000e+14;-1.111925999999999970e+00;4.078514999999999779e-01;-1.194469999999999976e-01
6.875055929782400000e+14;-1.517052000000000067e+00;-4.480921999999999961e-01;2.843345999999999929e-01
6.875057967776150000e+14;-1.140514999999999946e+00;-1.311756000000000033e-01;2.288451999999999847e-02
6.875059987026150000e+14;8.661756999999999929e-01;6.879856000000000166e-03;-1.209130999999999956e-01
6.875062025625630000e+14;2.902554999999999996e+00;3.938015999999999739e-01;-3.719783999999999868e-01
6.875064035636050000e+14;-8.233540999999999777e-01;2.459723000000000048e-01;-1.526780000000000082e-01
6.875066067384480000e+14;-1.782289000000000012e+00;-1.457241000000000009e+00;2.144516999999999951e-01
6.875068084238650000e+14;-1.103374000000000077e+00;-5.994872999999999869e-02;-1.437823000000000052e-02
6.875070118565210000e+14;-7.969646999999999704e-01;-3.397247999999999934e-01;4.172587999999999853e-01
6.875072132830840000e+14;2.549840999999999802e+00;-3.601275999999999922e-01;-4.217027999999999888e-01
6.875074171348020000e+14;9.499862000000000029e-01;-9.150373000000000534e-01;3.560500999999999805e-01
6.875076188345940000e+14;-4.702741999999999756e-01;-7.857781000000000349e-01;3.155879000000000323e-02
6.875078228277190000e+14;-1.556880000000000042e+00;-2.394674000000000191e+00;3.906251000000000029e-01
6.875080240826150000e+14;-1.198547000000000029e+00;-2.277509999999999923e+00;3.820729999999999960e-01
6.875082270711570000e+14;1.316626999999999992e+00;-1.041242000000000001e+00;-3.350821999999999967e-01
6.875084289696980000e+14;3.056737000000000037e+00;-9.118606000000000211e-01;5.222054000000000418e-01
6.875086321643860000e+14;7.129708000000000157e-01;4.598971000000000031e-01;5.736400999999999861e-01
6.875088338532400000e+14;-2.426018000000000008e+00;-2.307441999999999993e+00;3.807290999999999870e-01
6.875090374917820000e+14;-1.474169000000000063e+00;-1.578557999999999906e+00;4.936169000000000251e-01
6.875092394307920000e+14;-9.022776000000000129e-01;-6.616505000000000303e-01;4.175031000000000159e-01
6.875094430920420000e+14;2.786979000000000095e+00;-4.285444999999999949e-01;-2.907333999999999752e-01
6.875096446028750000e+14;1.770499999999999963e+00;8.906789000000000511e-01;-1.804111999999999938e-01
6.875098474030840000e+14;-2.232985000000000220e+00;-9.788113999999999981e-01;1.434691999999999912e-01
6.875100495146460000e+14;-1.485897999999999941e+00;2.024787000000000114e-01;1.253875999999999880e-01
6.875102524693860000e+14;-6.790677000000000518e-01;-5.200749000000000344e-02;3.135339999999999794e-01
6.875104544225110000e+14;2.231214000000000031e+00;-5.328802000000000261e-01;-3.707566999999999946e-01
6.875106578468340000e+14;2.624976999999999894e+00;1.260863000000000067e+00;-2.058232000000000117e-01
6.875108600260520000e+14;-2.141844999999999999e+00;-7.025784000000000473e-01;5.965858000000000272e-02
6.875110633548020000e+14;-1.595731000000000011e+00;-3.513312000000000102e-01;2.190713999999999856e-02
6.875112651242820000e+14;-9.660520999999999692e-01;-1.552436000000000094e-01;1.015569999999999928e-03
6.875114677349070000e+14;1.270202000000000053e+00;-1.046868999999999925e-02;-3.871373000000000002e-03
6.875116700606360000e+14;2.611905000000000143e+00;6.684463000000000488e-01;-4.490695000000000103e-01
6.875118727741770000e+14;-1.006858000000000031e+00;2.504928000000000154e-01;-2.632444999999999924e-01
6.875120749908960000e+14;-1.613323999999999980e+00;-7.265243999999999591e-01;1.136589999999999961e-01
6.875122782005840000e+14;-1.534399999999999986e+00;-6.930490000000000261e-01;6.283507000000000675e-02
6.875124806205840000e+14;7.343511000000000344e-01;-3.224984000000000184e-01;-2.354122000000000159e-02
6.875126836160000000e+14;3.280801999999999996e+00;3.459101000000000016e-03;-2.876791000000000209e-01
6.875128856444380000e+14;5.101636999999999977e-01;7.373518999999999490e-01;4.939605999999999858e-02
6.875130880652710000e+14;-2.383258000000000099e+00;-2.078612000000000126e+00;2.725978999999999902e-03
6.875132906077710000e+14;-1.743683000000000094e+00;-1.955216999999999983e+00;5.186623000000000205e-01
6.875134930796980000e+14;-9.892648000000000552e-01;-1.040264000000000078e+00;4.416934000000000138e-01
6.875136955606360000e+14;1.747775999999999996e+00;-6.471120000000000205e-01;-8.587154999999999649e-01
6.875138985549070000e+14;1.763902999999999999e+00;-1.292674000000000101e+00;3.588601000000000152e-01
6.875141012164170000e+14;-8.326392000000000237e-01;-1.287908999999999970e+00;2.831129000000000007e-01
6.875143038776150000e+14;-4.156629000000000018e-01;-2.221554999999999946e+00;6.178666999999999909e-01
6.875145061640730000e+14;-1.436417999999999973e+00;-2.104147000000000212e+00;-2.964986000000000010e-02
6.875147083951150000e+14;2.119396000000000058e-01;-1.129817000000000071e+00;3.362581000000000042e-01
6.875149111542300000e+14;2.847942999999999891e+00;-1.077893999999999908e+00;-5.452196999999999738e-01
6.875151133845420000e+14;1.487546999999999953e+00;9.323398000000000518e-01;-1.393611999999999906e-01
6.875153161308960000e+14;-2.194134000000000029e+00;-1.459927999999999892e+00;2.617326999999999848e-01
6.875155189095420000e+14;-1.420047000000000059e+00;-8.584938999999999765e-02;5.115762999999999838e-01
6.875157218126150000e+14;-8.128471000000000446e-01;2.361755999999999925e-02;3.433441999999999883e-01
6.875159241393860000e+14;2.513433000000000028e+00;-7.309225000000000305e-01;-4.347752999999999757e-01
6.875161266848020000e+14;2.381852999999999998e+00;1.517303999999999986e+00;-4.819340999999999764e-01
6.875163287248020000e+14;-2.334267000000000092e+00;-1.004590000000000094e+00;2.667187999999999851e-02
6.875165316993860000e+14;-1.530369000000000090e+00;1.795102000000000086e-01;3.625252999999999948e-01
6.875167336883960000e+14;-1.062079999999999913e+00;2.908098000000000072e-01;3.531179999999999874e-01
6.875169367003750000e+14;2.648435000000000095e+00;-7.520586000000000215e-01;-5.000156999999999519e-01
6.875171392633960000e+14;2.112461999999999840e+00;1.583766000000000007e+00;-3.620824999999999738e-01
6.875173424080320000e+14;-2.256197999999999926e+00;-8.692223000000000033e-01;-1.187138999999999972e-01
6.875175444010000000e+14;-1.574229000000000100e+00;2.862663999999999834e-02;-1.156827000000000029e-02
6.875177472057920000e+14;-1.122921999999999976e+00;-1.363068000000000057e-01;1.690033999999999981e-01
6.875179490549070000e+14;2.253327000000000080e+00;-9.201684999999999448e-01;-2.439411999999999969e-01
6.875181522463130000e+14;2.741896999999999807e+00;8.820046999999999748e-01;-1.608866999999999936e-02
6.875183539923020000e+14;-1.995726000000000111e+00;-7.815020999999999773e-01;-1.195690999999999976e-01
6.875185572691250000e+14;-1.628106999999999971e+00;-6.518766000000000282e-01;2.238590000000000024e-01
6.875187596162090000e+14;-8.170009999999999772e-01;-5.034366000000000119e-01;-1.860312000000000077e-01
6.875189630023550000e+14;-8.542636999999999592e-01;-2.874347999999999903e-01;5.190287999999999569e-01
6.875191646620420000e+14;2.482645999999999908e+00;-3.548741999999999730e-01;-1.843208000000000069e-01
6.875193677266250000e+14;6.422326000000000423e-01;-1.109536999999999995e+00;1.460347999999999924e-01
6.875195693856880000e+14;-1.053738000000000070e-02;-6.610397000000000078e-01;-5.447309999999999652e-01
6.875197727936050000e+14;-1.696646000000000098e+00;-2.675549999999999873e+00;9.319733000000000045e-01
6.875199742966250000e+14;-1.113515000000000033e+00;-1.729808000000000012e+00;2.881219999999999892e-01
6.875201778386050000e+14;1.765368000000000048e+00;-1.286197999999999952e+00;-5.479074999999999918e-01
6.875203799699590000e+14;3.022650000000000059e+00;-2.759504999999999875e-01;5.785270999999999608e-01
6.875205835981360000e+14;2.203695999999999988e-01;1.281975999999999949e-01;4.770014000000000198e-01
6.875207849229270000e+14;-2.256442999999999977e+00;-2.670296000000000003e+00;2.365649999999999975e-01
6.875209882465210000e+14;-1.394757000000000025e+00;-1.095852999999999966e+00;2.048000000000000098e-01
6.875211897154800000e+14;-4.474278999999999895e-01;-7.915204000000000129e-01;4.749244000000000243e-01
6.875213933398020000e+14;2.917459000000000024e+00;-9.806439999999999602e-01;-2.985524999999999984e-01
6.875215946015210000e+14;1.691942999999999975e+00;9.284303000000000416e-01;-2.424750999999999990e-01
6.875217984090730000e+14;-2.304945000000000022e+00;-1.110392000000000046e+00;7.981710000000000194e-02
6.875220003246980000e+14;-1.490785000000000027e+00;3.125565000000000149e-01;3.923355000000000037e-01
6.875222041945420000e+14;-9.061871999999999705e-01;2.143295000000000061e-01;3.742538999999999727e-01
6.875224051841250000e+14;2.597366000000000064e+00;-2.753397000000000205e-01;-6.931711000000000400e-01
6.875226083677710000e+14;2.334328000000000181e+00;1.309244000000000074e+00;-3.107697999999999849e-01
6.875228100443340000e+14;-1.954798000000000036e+00;-6.728903999999999996e-01;-2.085340000000000110e-02
6.875230134857920000e+14;-1.657917000000000085e+00;-7.455832999999999489e-01;1.511660999999999977e-01
6.875232149055840000e+14;-1.057436999999999960e+00;8.042797000000000140e-02;2.211712000000000122e-01
6.875234187627710000e+14;1.051268000000000091e+00;-3.835849000000000064e-01;-1.168812999999999935e-01
6.875236204576150000e+14;2.697547999999999835e+00;6.809079999999999577e-01;-4.411282999999999732e-01
6.875238244557400000e+14;-3.779114000000000084e-01;5.970971999999999946e-01;8.250493000000000410e-02
6.875240257055840000e+14;-1.720347999999999988e+00;-1.057369000000000003e+00;5.391643000000000130e-02
6.875242286985000000e+14;-1.296284999999999910e+00;9.313396000000000174e-02;1.440800999999999887e-01
6.875244305905840000e+14;-2.668562999999999907e-01;1.988136000000000070e-01;2.806694000000000133e-01
6.875246337898550000e+14;2.771096000000000004e+00;-2.683986000000000011e-02;-4.862100999999999784e-01
6.875248354744900000e+14;2.140073000000000114e+00;1.392810000000000104e+00;4.389827000000000312e-02
6.875250391159480000e+14;-2.185827000000000186e+00;-1.548993000000000064e+00;-7.558687999999999518e-02
6.875252410524590000e+14;-1.977400000000000047e+00;-2.872370000000000090e+00;6.270297000000000232e-01
6.875254447165210000e+14;-1.651931000000000038e+00;-1.154984999999999928e+00;5.169519000000000197e-01
6.875256462260000000e+14;1.192377000000000020e+00;-6.436910999999999605e-01;-9.459469000000000349e-01
6.875258490283960000e+14;2.563890999999999920e+00;-5.475410000000000554e-01;-2.303800000000000014e-01
6.875260511377710000e+14;-7.434528999999999721e-01;-1.055047000000000068e+00;7.969722999999999669e-01
6.875262540943340000e+14;-6.106508999999999965e-01;-2.401514999999999844e+00;-3.649154999999999760e-02
6.875264560439170000e+14;-9.560338000000000447e-01;-3.116960000000000175e+00;4.906847999999999765e-01
6.875266594696460000e+14;-3.454134999999999844e-01;-1.084858000000000100e+00;3.933129000000000208e-01
6.875268616478230000e+14;2.269943000000000044e+00;-1.445389999999999953e+00;-7.383750999999999509e-01
6.875270649774590000e+14;2.546053999999999817e+00;9.637383999999999951e-01;-6.293967999999999785e-01
6.875272667449370000e+14;-1.261344000000000021e+00;-4.070420000000000149e-01;3.940459000000000045e-01
6.875274693570210000e+14;-1.286756000000000011e+00;-7.036780000000000257e-01;5.659431999999999796e-01
6.875276716835310000e+14;-1.075396999999999936e+00;7.065414000000000416e-02;-2.476292999999999897e-02
6.875278748378540000e+14;1.545182999999999973e-01;3.391903000000000001e-01;1.140255000000000019e-01
6.875280772983750000e+14;2.668960000000000221e+00;1.158581000000000055e-01;-6.297633000000000258e-01
6.875282802522290000e+14;7.914058999999999955e-01;1.064530999999999894e+00;-1.358182000000000000e-01
6.875284822613430000e+14;-2.096763000000000154e+00;-1.674341999999999997e+00;3.241629999999999789e-01
6.875286852655100000e+14;-1.264887000000000095e+00;1.030069999999999944e-02;3.846385999999999972e-01
6.875288872815520000e+14;-9.050875999999999921e-01;-4.968621000000000149e-02;4.135936000000000057e-01
6.875290897108750000e+14;2.133109000000000144e+00;-6.502883999999999887e-01;-4.785132999999999748e-01
6.875292922438950000e+14;2.440618000000000176e+00;1.488715999999999928e+00;-4.363636000000000181e-01
6.875294952282700000e+14;-1.878805999999999976e+00;-1.039897999999999989e+00;-3.502546000000000131e-02
6.875296978884790000e+14;-1.468916000000000111e+00;-4.373409999999999798e-01;6.288624000000000436e-01
6.875299005504580000e+14;-1.159329999999999972e+00;-3.343720000000000026e-02;1.983247999999999955e-01
6.875301028760310000e+14;1.763779999999999903e+00;-8.785074999999999967e-01;-4.366078999999999932e-01
6.875303055372290000e+14;2.543733000000000022e+00;8.839593999999999507e-01;-3.796752999999999934e-01
6.875305078200410000e+14;-1.266842000000000024e+00;-2.622901000000000052e-02;-1.188361000000000001e-01
6.875307100501980000e+14;-1.607460000000000111e+00;-1.168301999999999952e+00;2.052886999999999906e-01
6.875309128054060000e+14;-1.163728000000000096e+00;-1.717370000000000008e-01;3.313711999999999769e-01
6.875311156080100000e+14;-3.197572000000000192e-01;-3.602498000000000089e-01;3.171991000000000116e-01
6.875313184791560000e+14;2.551306999999999992e+00;-8.316157999999999884e-02;-3.895713000000000092e-01
6.875315208375930000e+14;1.965456999999999899e-01;-6.348947000000000340e-01;3.581177000000000058e-03
6.875317234895730000e+14;-5.876824000000000492e-01;-9.639062999999999937e-01;-9.098066999999999960e-02
6.875319257984270000e+14;-1.391091999999999995e+00;-2.838160999999999934e+00;2.602666000000000146e-01
6.875321283576980000e+14;-7.906115999999999699e-01;-1.939578999999999942e+00;3.379686000000000079e-01
6.875323303805620000e+14;1.646860999999999908e+00;-1.203487999999999891e+00;-5.717311999999999950e-01
6.875325333674370000e+14;2.957288000000000139e+00;-6.715463999999999878e-01;3.201313000000000075e-01
6.875327359818120000e+14;4.394255000000000244e-01;1.478674000000000099e-01;3.376020000000000132e-01
6.875329390695730000e+14;-2.355525000000000091e+00;-1.976598000000000077e+00;1.140025000000000066e-02
6.875331411187910000e+14;-1.499459000000000097e+00;-1.976475999999999900e+00;5.230605000000000393e-01
6.875333441030620000e+14;-6.799231000000000025e-01;-8.177875999999999479e-01;5.523820999999999870e-01
6.875335460533230000e+14;2.622777999999999832e+00;-8.105793000000000026e-01;-6.560304999999999609e-01
6.875337488935310000e+14;2.349844000000000044e+00;1.227387999999999924e+00;-5.701658999999999894e-02
6.875339507050410000e+14;-2.171288000000000107e+00;-1.148632000000000097e+00;1.570303999999999867e-01
6.875341539285310000e+14;-1.469282999999999895e+00;-6.780216999999999494e-01;5.397982999999999532e-01
6.875343563514480000e+14;-7.920776999999999957e-01;5.660424000000000011e-02;2.859228999999999798e-01
6.875345596583750000e+14;1.585163000000000100e+00;-2.654436000000000018e-01;-2.686200999999999728e-01
6.875347613963950000e+14;2.541411000000000087e+00;1.226898999999999962e+00;-5.267716000000000065e-01
6.875349647163430000e+14;-1.020175000000000054e+00;2.763933000000000084e-01;7.040979999999999461e-02
6.875351663053020000e+14;-1.599641000000000091e+00;-9.411821000000000215e-01;6.637809000000000070e-02
6.875353694293640000e+14;-1.250715000000000021e+00;2.620990999999999738e-01;1.985692000000000013e-01
6.875355710260310000e+14;4.245549000000000371e-03;1.350393000000000010e-01;1.660712000000000022e-01
6.875357744882180000e+14;2.684597999999999818e+00;-2.640996999999999928e-01;-6.530983999999999678e-01
6.875359767177500000e+14;8.915876000000000356e-01;1.098128999999999911e+00;-4.245128000000000235e-01
6.875361802450410000e+14;-2.093586000000000169e+00;-1.045762000000000080e+00;2.570900999999999881e-01
6.875363816711870000e+14;-1.508866000000000041e+00;-1.804342000000000099e-02;1.796323999999999976e-01
6.875365853286350000e+14;-1.049495999999999984e+00;2.562348999999999877e-01;3.380907000000000218e-01
6.875367865558230000e+14;2.829616999999999827e+00;-7.934752000000000471e-01;-5.999531999999999643e-01
6.875369899651980000e+14;3.094365999999999950e+00;1.390732999999999997e+00;3.087692000000000214e-01
6.875371913454580000e+14;-1.863656999999999897e+00;-5.972653999999999463e-01;-1.288543000000000049e-01
6.875373950468640000e+14;-2.243980999999999781e+00;-2.981348000000000109e+00;2.468275000000000052e-01
6.875375970833230000e+14;-1.685894999999999921e+00;-1.262251999999999930e+00;5.270922999999999581e-01
6.875378008314480000e+14;4.431823000000000012e-02;-1.175875999999999921e+00;1.921932000000000154e-02
6.875380019434270000e+14;2.438053000000000026e+00;-8.728875000000000384e-01;-4.632415999999999756e-01
6.875382059381660000e+14;3.276373000000000202e-01;-8.917022000000000004e-01;4.135936000000000057e-01
6.875384068048330000e+14;-2.477974000000000010e-01;-1.830600999999999923e+00;2.276233999999999896e-02
6.875386101002500000e+14;-1.185230000000000006e+00;-2.722463999999999995e+00;6.993561000000000361e-01
6.875388116648330000e+14;-6.223794999999999744e-01;-1.318818999999999964e+00;2.912985000000000158e-01
6.875390154157180000e+14;2.243552999999999908e+00;-1.057490999999999959e+00;-4.781466999999999801e-01
6.875392172047290000e+14;2.524917999999999996e+00;1.039118999999999904e+00;-2.361222000000000043e-01
6.875394211081660000e+14;-6.492575000000000429e-01;-2.967198999999999809e-01;3.272172999999999887e-01
6.875396220890520000e+14;-1.715216000000000074e+00;-1.592241999999999935e+00;3.918467999999999951e-01
6.875398261887910000e+14;-1.176312000000000024e+00;-3.224984000000000184e-01;4.821326000000000223e-01
6.875400273352500000e+14;-2.422995000000000010e-01;-2.557920000000000194e-01;3.233077999999999785e-01
6.875402304198330000e+14;2.600786999999999960e+00;-3.900600000000000178e-01;-7.127187999999999857e-01
6.875404322209270000e+14;1.403248000000000051e+00;1.649617000000000111e+00;-6.995240000000000347e-01
6.875406357822810000e+14;-2.186681999999999793e+00;-1.011554000000000064e+00;2.597779000000000060e-01
6.875408377880100000e+14;-1.445213999999999999e+00;-1.947055000000000036e-01;3.714438999999999935e-01
6.875410413819680000e+14;-9.245132000000000350e-01;-9.525672999999999779e-02;4.022315000000000196e-01
6.875412426979580000e+14;2.479713999999999974e+00;-6.661709000000000103e-01;-7.758821999999999663e-01
6.875414464387910000e+14;2.206167999999999907e+00;1.680649000000000060e+00;-5.800389999999999713e-01
6.875416478669160000e+14;-1.992181999999999897e+00;-7.783257000000000092e-01;1.434691999999999912e-01
6.875418507388950000e+14;-1.319865000000000066e+00;-5.677224000000000159e-02;2.390084000000000097e-01
6.875420527767080000e+14;-1.031292000000000098e+00;2.296012000000000053e-01;3.681223000000000134e-02
6.875422561474890000e+14;7.805324999999999624e-01;-1.462257999999999961e-02;-5.384010000000000185e-02
6.875424583709790000e+14;2.660407999999999884e+00;3.146335000000000104e-01;-6.747229999999999617e-01
6.875426616550410000e+14;-1.035110000000000058e-01;8.387552999999999814e-01;-9.733363999999999905e-02
6.875428633063430000e+14;-1.813687999999999967e+00;-1.679840000000000000e+00;4.005211000000000188e-01
6.875430666878540000e+14;-1.348697999999999952e+00;-3.799197000000000268e-01;2.337549999999999906e-01
6.875432684001450000e+14;-7.942768000000000050e-01;-6.021522999999999737e-01;4.313086999999999893e-01
6.875434710582700000e+14;2.036226000000000091e+00;-5.448532000000000375e-01;-5.641564999999999497e-01
6.875436733328540000e+14;9.788192000000000004e-01;-7.138183999999999640e-01;2.622212999999999905e-01
6.875438765124370000e+14;-8.674585000000000212e-01;-6.694695000000000507e-01;-1.883525000000000060e-01
6.875440789548330000e+14;-5.568948000000000231e-01;-1.920276000000000094e+00;3.773081999999999825e-01
6.875442819275410000e+14;-1.106551000000000062e+00;-2.764734999999999943e+00;3.186651999999999818e-01
6.875444839136870000e+14;-2.106567000000000023e-01;-7.681852999999999598e-01;5.169459000000000380e-03
6.875446869353540000e+14;3.072618999999999989e+00;-1.194935000000000080e+00;-8.089910000000000156e-01
6.875448889318120000e+14;2.235367999999999800e+00;1.466847000000000012e+00;6.607494000000000423e-01
6.875450913762910000e+14;-1.919612000000000096e+00;-1.691324000000000050e+00;6.637806999999999735e-02
6.875452938903540000e+14;-1.642646000000000051e+00;-1.953017999999999921e+00;9.015524000000000315e-01
6.875454968783750000e+14;-1.367390000000000105e+00;-9.083175999999999473e-01;4.540328000000000142e-01
6.875456995392600000e+14;1.725907000000000080e+00;-1.207640999999999964e+00;-3.264078999999999731e-01
6.875459022001980000e+14;2.709154999999999980e+00;1.369941000000000075e-01;-2.163300999999999974e-01
6.875461044921250000e+14;-1.122433000000000014e+00;-3.144349000000000172e-01;8.055014000000000618e-02
6.875463067228540000e+14;-1.496283000000000030e+00;-6.248766000000000043e-01;3.635027000000000119e-01
6.875465094863950000e+14;-1.022739999999999982e+00;1.803654000000000091e-01;-2.366336999999999954e-02
6.875467117171250000e+14;-9.618066999999999589e-02;6.234637999999999985e-02;2.018678999999999890e-01
6.875469144679060000e+14;2.757534999999999847e+00;-2.733847999999999834e-01;-3.138240999999999947e-01
6.875471172582180000e+14;1.550710999999999951e+00;1.234474000000000071e+00;-1.923842000000000052e-01
6.875473201457700000e+14;-2.406226000000000198e+00;-1.275814000000000004e+00;6.466766999999999654e-02
6.875475224879580000e+14;-1.537333000000000061e+00;8.580356000000000094e-02;-1.584431999999999854e-02
6.875477250231660000e+14;-8.981238999999999750e-01;-1.201799999999999952e-01;1.660712000000000022e-01
6.875479270762390000e+14;2.027918000000000109e+00;-7.100309999999999677e-01;-3.795531999999999795e-01
6.875481300409270000e+14;2.391871000000000080e+00;1.105458999999999969e+00;-5.729528999999999872e-01
6.875483320416040000e+14;-1.618333000000000022e+00;-2.042349999999999999e-01;-1.394833000000000045e-01
6.875485350447290000e+14;-1.482844000000000051e+00;-3.111362999999999768e-01;4.061409999999999743e-01
6.875487376256140000e+14;-1.307158999999999960e+00;-2.283111999999999902e-03;3.412442999999999727e-02
6.875489407498330000e+14;1.241123999999999894e+00;-6.614062000000000552e-01;-3.413129999999999775e-01
6.875491427635310000e+14;3.062966999999999995e+00;4.131048999999999971e-01;-1.228677999999999992e-01
6.875493455522810000e+14;4.373485999999999763e-01;5.110875999999999753e-01;1.503108999999999973e-01
6.875495474197810000e+14;-2.201709000000000138e+00;-1.830600999999999923e+00;-5.958220000000000183e-02
6.875497505959790000e+14;-1.716804999999999914e+00;-2.014472000000000040e+00;4.835986999999999925e-01
6.875499523578020000e+14;-1.174234999999999918e+00;-7.101532000000000400e-01;6.798083999999999794e-01
6.875501556211350000e+14;1.476428999999999991e+00;-1.167079999999999895e+00;-8.774079000000000184e-01
6.875503579871770000e+14;2.064814000000000149e+00;-7.427734000000000281e-01;2.165285999999999877e-01
6.875505613534790000e+14;-1.027504999999999891e+00;-1.407882999999999996e+00;5.703414999999999457e-01
6.875507630320200000e+14;-3.875938000000000300e-02;-2.361686999999999870e+00;4.133492999999999751e-01
6.875509660792080000e+14;-1.254013999999999962e+00;-2.097548999999999886e+00;3.825536000000000041e-03
6.875511677565520000e+14;6.618719000000000685e-02;-1.315641999999999978e+00;5.754726999999999482e-01
6.875513711484270000e+14;1.975017000000000023e+00;-9.283540000000000125e-01;-6.370938000000000434e-01
6.875515726685310000e+14;2.810068999999999928e+00;7.463927000000000200e-01;-2.608011000000000079e-01
6.875517761965520000e+14;-1.652541999999999955e+00;-9.041637999999999620e-01;3.930684999999999873e-01
6.875519783451450000e+14;-1.312901000000000096e+00;-8.913356999999999530e-01;6.744328000000000545e-01
6.875521819553020000e+14;-1.129153000000000073e+00;-3.034394000000000258e-01;1.209893999999999969e-01
6.875523832970730000e+14;2.948950000000000182e-01;-2.339229999999999920e-01;1.319848999999999883e-01
6.875525866049890000e+14;2.795653000000000166e+00;-1.155373999999999984e-01;-4.548116999999999854e-01
6.875527880888950000e+14;4.124251999999999918e-01;9.119370999999999450e-01;1.897497999999999893e-02
6.875529916986870000e+14;-1.936226999999999920e+00;-1.035133000000000081e+00;3.046152999999999778e-01
6.875531929755100000e+14;-1.260121999999999964e+00;7.703385000000000371e-01;-8.694894999999999707e-02
6.875533967708750000e+14;-7.223169000000000395e-01;1.492112999999999912e-01;3.251403999999999961e-01
6.875535987005620000e+14;2.397613999999999912e+00;-8.758196999999999788e-01;-5.593917999999999946e-01
6.875538025553020000e+14;2.005193999999999921e+00;1.570937999999999946e+00;-5.559709999999999930e-01
6.875540035605100000e+14;-2.098228000000000204e+00;-1.021571999999999925e+00;1.799759999999999902e-02
6.875542067306660000e+14;-1.457187000000000010e+00;5.183950999999999837e-02;4.231230999999999742e-01
6.875544084197290000e+14;-9.352643000000000484e-01;-3.478111999999999870e-02;3.236743000000000259e-01
6.875546118487390000e+14;1.910876999999999937e+00;-7.874885999999999830e-01;-4.148610999999999827e-01
6.875548132799890000e+14;2.697060000000000013e+00;1.145286999999999944e+00;-8.267291000000000223e-02
6.875550171286870000e+14;-1.260367000000000015e+00;-2.781495999999999968e-01;6.931023999999999519e-02
6.875552188305100000e+14;-1.525603999999999960e+00;-9.598746999999999696e-01;3.158552000000000026e-01
6.875554228207700000e+14;-1.080284000000000022e+00;-1.181259999999999949e-02;-7.607556000000000040e-02
6.875556240791040000e+14;-1.143324999999999925e+00;-3.233765000000000250e-02;5.614227999999999996e-01
6.875558270650930000e+14;1.760969999999999924e+00;-7.195603999999999889e-01;-5.727084999999999537e-01
6.875560289651980000e+14;1.252119999999999900e+00;-6.735012999999999694e-01;4.572093999999999880e-01
6.875562321572810000e+14;-7.923219999999999708e-01;-6.136365999999999765e-01;-1.309311999999999976e-01
6.875564338478020000e+14;-3.609294000000000113e-01;-1.935059000000000085e+00;3.399232999999999838e-01
6.875566374849890000e+14;-1.323164000000000007e+00;-2.206282999999999994e+00;1.723020000000000107e-01
6.875568394247810000e+14;-2.551276000000000099e-01;-1.088155999999999901e+00;1.916054000000000090e-01
6.875570430849890000e+14;2.693271999999999888e+00;-1.345574999999999966e+00;-2.438190000000000079e-01
6.875572445979060000e+14;2.436341999999999786e+00;6.761432000000000553e-01;5.696084000000000147e-01
6.875574473969680000e+14;-1.645456000000000030e+00;-1.386746999999999952e+00;-5.188533000000000034e-02
6.875576495101980000e+14;-1.692247999999999974e+00;-1.927972999999999937e+00;6.954466000000000259e-01
6.875578524634790000e+14;-1.031659000000000104e+00;-7.282347999999999599e-01;1.598403999999999936e-01
6.875580544171250000e+14;3.766286999999999829e-01;-7.297008999999999856e-01;1.237994000000000039e-01
6.875582578406660000e+14;2.951423999999999825e+00;-2.651992000000000238e-01;-2.545702000000000242e-01
6.875584600201450000e+14;7.002650000000000263e-01;3.340589999999999948e-01;-2.867246000000000031e-02
6.875586633479580000e+14;-2.169089000000000045e+00;-1.197623000000000104e+00;3.881817000000000184e-01
6.875588651173330000e+14;-1.365680000000000005e+00;1.674151000000000111e-01;3.336831000000000172e-03
6.875590677276450000e+14;-6.978824000000000138e-01;-7.131081000000000225e-02;3.848829999999999751e-01
6.875592700548850000e+14;2.470550999999999942e+00;-8.664123000000000241e-01;-5.458304999999999962e-01
6.875594727681660000e+14;2.225350000000000161e+00;1.343817999999999957e+00;-2.675205999999999973e-01
6.875596749855100000e+14;-2.100061000000000178e+00;-1.097563999999999984e+00;2.725983999999999872e-03
6.875598781946770000e+14;-1.458287000000000111e+00;-1.400942000000000021e-01;3.753535000000000066e-01
6.875600806148850000e+14;-1.142470000000000097e+00;3.281947000000000059e-01;1.712025000000000075e-01
6.875602836096770000e+14;1.649671000000000110e+00;-5.816272000000000109e-01;-3.785758000000000179e-01
6.875604856376980000e+14;2.233779999999999877e+00;5.875677999999999734e-01;-4.838888000000000078e-01
6.875606880581140000e+14;-7.765617000000000214e-01;6.135907000000000444e-01;-4.858665999999999680e-02
6.875608906005100000e+14;-1.616745000000000099e+00;-8.005611000000000255e-01;1.245324000000000014e-01
6.875610930722290000e+14;-1.561644999999999950e+00;1.335732000000000030e-01;1.922162000000000037e-01
6.875612955533750000e+14;4.358518000000000114e-02;-7.925205999999999917e-02;1.152472999999999970e-01
6.875614985473850000e+14;3.089723000000000219e+00;-4.254900999999999822e-01;-2.489503000000000132e-01
6.875617012086350000e+14;1.722485999999999962e+00;1.096784999999999899e+00;8.800268999999999453e-02
6.875619038703540000e+14;-1.996947000000000028e+00;-1.122608999999999968e+00;-2.181626999999999872e-01
6.875621061575930000e+14;-1.857669999999999932e+00;-2.382211999999999996e+00;3.384572000000000136e-01
6.875623083881140000e+14;-1.494693999999999967e+00;-7.066101000000000187e-01;3.503080000000000083e-01
6.875625111464480000e+14;-3.053407000000000204e-01;-1.016563000000000105e+00;2.110307999999999906e-01
6.875627133762390000e+14;2.126389999999999780e+00;-1.228777000000000008e+00;-1.150952999999999893e+00
6.875629161223330000e+14;1.269223999999999908e+00;-9.127159999999999718e-01;5.525042000000000009e-01
6.875631189010830000e+14;-5.874380999999999631e-01;-1.118576999999999932e+00;3.088913999999999827e-01
6.875633218037910000e+14;-6.943394000000000510e-01;-1.859434000000000031e+00;5.534814999999999596e-01
6.875635241310830000e+14;-1.000383000000000022e+00;-1.944099999999999939e+00;1.967366000000000115e-01
6.875637266768120000e+14;6.142245999999999817e-02;-1.103061000000000069e+00;2.630764999999999909e-01
6.875639287172290000e+14;2.597122000000000153e+00;-1.205564000000000080e+00;-4.318431999999999826e-01
6.875641316919160000e+14;2.289979000000000209e+00;9.721682999999999852e-01;-1.361845999999999890e-01
6.875643336804060000e+14;-1.912892000000000037e+00;-1.327371000000000079e+00;1.314963000000000104e-01
6.875645366918640000e+14;-1.629450999999999983e+00;-1.051992999999999956e+00;8.214067999999999925e-01
6.875647392547290000e+14;-9.454046999999999867e-01;-4.254901999999999851e-01;3.428554999999999797e-01
6.875649423990520000e+14;2.205680000000000085e+00;-5.652561000000000391e-01;-6.004418999999999729e-01
6.875651443918640000e+14;2.389794999999999892e+00;1.420542999999999889e+00;-5.112556000000000322e-01
6.875653471966560000e+14;-1.792186000000000057e+00;-4.860879000000000172e-01;9.276745000000000130e-02
6.875655490457700000e+14;-1.427254999999999940e+00;1.361388000000000043e-01;2.898323999999999900e-01
6.875657522364480000e+14;-1.140636999999999901e+00;2.519587999999999828e-01;8.348229999999999540e-02
6.875659539832700000e+14;8.512705999999999884e-01;6.698896000000000017e-02;-6.764560999999999491e-02
6.875661572601980000e+14;2.614837000000000078e+00;-1.262886000000000009e-01;-5.452196999999999738e-01
6.875663596075930000e+14;1.476765999999999912e-01;8.231173000000000517e-01;-1.215239000000000041e-01
6.875665629937910000e+14;-1.837266999999999983e+00;-1.162436999999999943e+00;2.548908999999999758e-01
6.875667646526450000e+14;-1.273560999999999943e+00;2.217821000000000098e-01;7.725149000000000599e-02
6.875669677166040000e+14;-7.931772000000000267e-01;6.283505999999999814e-02;2.796920999999999990e-01
6.875671693751450000e+14;2.521984999999999921e+00;-7.634206000000000047e-01;-3.666028000000000064e-01
6.875673727829580000e+14;2.259069000000000216e+00;1.494213000000000013e+00;-4.315988000000000047e-01
6.875675742863950000e+14;-2.273179999999999978e+00;-1.140813000000000077e+00;-8.279506999999999839e-02
6.875677778280620000e+14;-1.485408999999999979e+00;-3.282404999999999906e-01;4.111502000000000212e-01
6.875679799598330000e+14;-8.116254000000000524e-01;-1.361846999999999919e-01;-7.583120999999999612e-02
6.875681835875930000e+14;-1.077870999999999968e-01;-4.296440999999999732e-01;8.726965000000000416e-02
6.875683849128020000e+14;1.985524000000000067e+00;-6.792434000000000527e-01;-1.666056999999999955e-01
6.875685882364480000e+14;7.024639000000000300e-01;-6.775330000000000519e-01;4.481685000000000252e-01
6.875687897044680000e+14;-7.339234000000000036e-01;-4.474812000000000234e-01;1.718134000000000050e-01
6.875689933286870000e+14;-9.907308999999999699e-01;-2.283863000000000198e+00;2.976515000000000133e-01
6.875691945894680000e+14;-8.956802999999999848e-01;-2.128581000000000056e+00;9.472221000000000113e-02
6.875693983969160000e+14;6.117808000000000274e-02;-5.614687000000000427e-01;2.529361999999999999e-01
6.875696003125410000e+14;3.066511000000000209e+00;-1.372330999999999968e+00;6.637809000000000070e-02
6.875698041819160000e+14;2.048077000000000147e+00;2.856785000000000019e-01;1.312297999999999965e+00
6.875700051725410000e+14;-9.522464999999999957e-01;-1.435150000000000037e-01;1.894061999999999968e-01
6.875702083561870000e+14;-2.538295999999999886e+00;-2.623991999999999880e+00;1.996688000000000074e-01
6.875704100332700000e+14;-1.330372000000000110e+00;-6.456458999999999948e-01;3.387015999999999916e-01
6.875706134742080000e+14;5.190824000000000549e-01;-5.746632999999999880e-01;6.674460000000000115e-02
6.875708148934790000e+14;2.671158999999999839e+00;-2.769279000000000046e-01;3.033707999999999891e-02
6.875710187506140000e+14;4.520095000000000085e-01;6.178666999999999909e-01;4.841866000000000225e-02
6.875712204449890000e+14;-2.002079000000000164e+00;-1.390411999999999981e+00;2.454835999999999963e-01
6.875714244430100000e+14;-1.282602000000000020e+00;-1.856646999999999881e-01;-1.706604000000000107e-02
6.875716256919160000e+14;-7.655661999999999745e-01;-2.757290999999999909e-02;4.382726000000000122e-01
6.875718286849370000e+14;2.205312999999999857e+00;-3.876165999999999778e-01;-5.635455999999999799e-01
6.875720305779060000e+14;2.418505000000000127e+00;2.061951000000000089e+00;-7.640314999999999745e-01
6.875722337767600000e+14;-1.862678999999999974e+00;-2.788825999999999805e-01;3.302486999999999784e-02
6.875724354618640000e+14;-1.579971000000000014e+00;-5.733194999999999819e-01;2.354654999999999943e-01
6.875726391032180000e+14;-1.196469999999999922e+00;-2.195296000000000053e-02;2.021121999999999919e-01
6.875728410393120000e+14;1.588095999999999952e+00;-3.855395999999999823e-01;-1.451032999999999906e-01
6.875730447032700000e+14;2.803716999999999793e+00;4.500011999999999901e-01;-3.382660999999999914e-03
6.875732462123330000e+14;-1.273805999999999994e+00;-5.139665999999999679e-02;3.388007999999999992e-02
6.875734490145200000e+14;-1.657550999999999997e+00;-8.267060999999999993e-01;1.423696000000000128e-01
6.875736511230620000e+14;-1.517295999999999978e+00;-1.774791000000000007e-01;-6.019308000000000297e-02
6.875738540797290000e+14;6.556718000000000268e-01;-3.755215000000000081e-01;-1.587867000000000028e-01
6.875740560297290000e+14;3.265652999999999917e+00;1.203786000000000023e-01;-4.443278999999999979e-02
6.875742594553020000e+14;8.468721999999999639e-01;8.951991999999999727e-01;-6.043743000000000032e-02
6.875744616331140000e+14;-2.048992999999999842e+00;-1.433416999999999941e+00;-4.052323000000000036e-02
6.875746649630620000e+14;-1.906295000000000073e+00;-2.064318000000000097e+00;1.731572000000000111e-01
6.875748667317080000e+14;-1.480521999999999894e+00;-3.443673999999999902e-01;5.454181000000000168e-01
6.875750693433230000e+14;1.007773999999999948e+00;-7.537688999999999639e-01;-5.900571000000000010e-01
6.875752716687390000e+14;2.444771999999999945e+00;-1.119555000000000078e+00;2.327776000000000012e-01
6.875754743831140000e+14;-4.811476000000000086e-01;-1.167445999999999984e+00;6.640481000000000300e-01
6.875756765981140000e+14;-2.806618000000000168e-01;-2.150694000000000106e+00;-2.340452000000000088e-01
6.875758798079060000e+14;-1.072219999999999951e+00;-2.996131000000000100e+00;5.454181000000000168e-01
6.875760822274370000e+14;-5.374693000000000387e-01;-1.273859000000000075e+00;4.922730000000000161e-01
6.875762852228540000e+14;2.053329999999999878e+00;-1.307701000000000002e+00;-5.132103999999999555e-01
6.875764872500410000e+14;2.621922999999999782e+00;7.419944000000000539e-01;-2.815705000000000013e-01
6.875766896713950000e+14;-1.452177999999999969e+00;-7.325108999999999648e-01;3.349141999999999952e-01
6.875768922138950000e+14;-1.219071999999999933e+00;-7.684296999999999933e-01;6.633151000000000463e-01
6.875770946862910000e+14;-1.120111999999999997e+00;-5.162647000000000208e-01;2.393750000000000044e-01
6.875772971670200000e+14;8.891442000000000512e-01;-2.415207999999999938e-02;-7.693076999999999555e-02
6.875775001612910000e+14;2.692782999999999927e+00;4.275213999999999959e-01;-7.661084000000000227e-01
6.875777028228020000e+14;-5.135233999999999632e-01;1.102160000000000029e+00;-2.544481000000000104e-01
6.875779054834790000e+14;-1.758466000000000085e+00;-1.015951999999999966e+00;2.123746999999999996e-01
6.875781077694160000e+14;-1.014920999999999962e+00;3.328373000000000026e-01;9.545525000000000537e-02
6.875783099999370000e+14;-6.261390000000000358e-03;-1.129717999999999972e-01;2.263023999999999869e-01
6.875785127585310000e+14;2.813245999999999913e+00;-3.156568000000000151e-01;-3.516977000000000020e-01
6.875787155694680000e+14;8.634878999999999749e-01;1.021647999999999890e+00;-5.665999999999999925e-01
6.875789184295730000e+14;-2.283564999999999845e+00;-1.404584000000000055e+00;7.920625000000000582e-02
6.875791207994680000e+14;-1.335992000000000068e+00;-1.664836000000000094e-01;2.013791000000000053e-01
6.875793234437390000e+14;-6.857872000000000412e-01;-1.200578000000000062e-01;3.594709999999999850e-01
6.875795257618640000e+14;2.466762999999999817e+00;-7.658639999999999892e-01;-4.746038000000000201e-01
6.875797283139480000e+14;2.549107999999999929e+00;1.588775000000000048e+00;-3.170006000000000213e-01
6.875799303451450000e+14;-1.955041999999999947e+00;-5.086899000000000282e-01;1.249981000000000009e-02
6.875801333252500000e+14;-1.746736999999999984e+00;-1.444779000000000035e+00;3.405342000000000091e-01
6.875803359527500000e+14;-9.576221999999999790e-01;-3.265300999999999898e-01;5.208385000000000098e-02
6.875805390257180000e+14;-6.696606000000000503e-01;-3.895713000000000092e-01;3.861047000000000229e-01
6.875807410902500000e+14;2.339948000000000139e+00;-3.664805999999999897e-01;-3.926256000000000190e-01
6.875809440630100000e+14;4.848738000000000214e-01;-1.181740999999999930e+00;1.906279999999999919e-01
6.875811460265520000e+14;-4.926319000000000115e-01;-1.174409999999999954e+00;-1.785787000000000069e-01
6.875813488561870000e+14;-9.984279000000000348e-01;-1.893887000000000098e+00;6.552516999999999925e-01
6.875815506786870000e+14;-1.051573000000000091e+00;-1.335677999999999921e+00;3.682674000000000225e-01
6.875817538920200000e+14;1.422673000000000076e+00;-7.315334999999999477e-01;-4.378295999999999855e-01
6.875819563283750000e+14;3.207009999999999916e+00;-8.204753000000000185e-01;8.486513999999999447e-01
6.875821596207500000e+14;2.771798999999999791e-01;1.787770999999999944e-01;6.545187000000000088e-01
6.875823613735110000e+14;-2.327547000000000033e+00;-2.166698999999999931e+00;7.016545999999999894e-02
6.875825646813230000e+14;-1.520839000000000052e+00;-1.229754999999999932e+00;2.605108999999999897e-01
6.875827662836150000e+14;-9.429613000000000023e-01;-3.446117000000000208e-01;2.723616999999999844e-01
6.875829693963230000e+14;2.774516999999999900e+00;-6.313516000000000128e-01;-2.206062000000000023e-01
6.875831710046040000e+14;1.804829999999999934e+00;9.702134999999999510e-01;-1.183474000000000054e-01
6.875833744560620000e+14;-2.128893999999999842e+00;-1.041730000000000045e+00;5.807032000000000166e-02
6.875835766987710000e+14;-1.364824999999999955e+00;2.080986999999999976e-01;2.337318999999999855e-02
6.875837802135620000e+14;-8.823636000000000257e-01;-1.739361000000000101e-01;1.278311000000000031e-01
6.875839816512710000e+14;1.723829999999999973e+00;-3.289735999999999772e-01;-2.358777999999999986e-01
6.875841852970520000e+14;2.703657000000000199e+00;5.484725000000000295e-01;-1.986150000000000138e-01
6.875843865354370000e+14;-1.439105999999999996e+00;-1.298315999999999915e-01;-7.131081999999999699e-02
