1094680166052348;-7.890298e-01;3.215779e-01;-2.210215e+00
1094680186052348;-8.222293e-01;2.971491e-01;-2.320929e+00
1094680206052348;-8.554288e-01;2.727202e-01;-2.431642e+00
1094680226052348;-8.886282e-01;2.482913e-01;-2.542355e+00
1094680246052348;-9.218277e-01;2.238625e-01;-2.653069e+00
1094680266052348;-9.550272e-01;1.994336e-01;-2.763782e+00
1094680286052348;-9.882267e-01;1.750048e-01;-2.874496e+00
1094680306052348;-1.021426e+00;1.505759e-01;-2.985209e+00
1094680326052348;-1.018167e+00;1.432804e-01;-2.967649e+00
1094680346052348;-1.003019e+00;1.415719e-01;-2.908260e+00
1094680366052348;-9.878707e-01;1.398634e-01;-2.848871e+00
1094680386052348;-9.727226e-01;1.381548e-01;-2.789482e+00
1094680406052348;-9.575745e-01;1.364463e-01;-2.730093e+00
1094680426052348;-9.424264e-01;1.347378e-01;-2.670704e+00
1094680446052348;-9.272783e-01;1.330293e-01;-2.611315e+00
1094680466052348;-9.121302e-01;1.313208e-01;-2.551926e+00
1094680486052348;-8.969822e-01;1.296122e-01;-2.492537e+00
1094680506052348;-8.818341e-01;1.279037e-01;-2.433148e+00
1094680526052348;-8.715824e-01;1.267698e-01;-2.350694e+00
1094680546052348;-8.645960e-01;1.260191e-01;-2.252860e+00
1094680566052348;-8.576096e-01;1.252684e-01;-2.155025e+00
1094680586052348;-8.506231e-01;1.245177e-01;-2.057191e+00
1094680606052348;-8.436367e-01;1.237670e-01;-1.959357e+00
1094680626052348;-8.366503e-01;1.230163e-01;-1.861522e+00
1094680646052348;-8.296639e-01;1.222656e-01;-1.763688e+00
1094680666052348;-8.226774e-01;1.215149e-01;-1.665853e+00
1094680686052348;-8.156910e-01;1.207642e-01;-1.568019e+00
1094680706052348;-8.087046e-01;1.200135e-01;-1.470185e+00
1094680726052348;-7.534139e-01;1.011328e-01;-1.301650e+00
1094680746052348;-6.516833e-01;6.482188e-02;-1.065142e+00
1094680766052348;-5.499527e-01;2.851096e-02;-8.286354e-01
1094680786052348;-4.482221e-01;-7.799961e-03;-5.921283e-01
1094680806052348;-3.464915e-01;-4.411088e-02;-3.556212e-01
1094680826052348;-2.447609e-01;-8.042180e-02;-1.191140e-01
1094680846052348;-1.430303e-01;-1.167327e-01;1.173931e-01
1094680866052348;-4.129967e-02;-1.530436e-01;3.539002e-01
1094680886052348;6.043093e-02;-1.893546e-01;5.904073e-01
1094680906052348;1.621615e-01;-2.256655e-01;8.269144e-01
1094680926052348;2.694620e-01;-2.531265e-01;1.027520e+00
1094680946052348;3.879781e-01;-2.627670e-01;1.155834e+00
1094680966052348;5.064942e-01;-2.724075e-01;1.284148e+00
1094680986052348;6.250103e-01;-2.820480e-01;1.412462e+00
1094681006052348;7.435264e-01;-2.916884e-01;1.540776e+00
1094681026052348;8.620425e-01;-3.013289e-01;1.669090e+00
1094681046052348;9.805586e-01;-3.109694e-01;1.797404e+00
1094681066052348;1.099075e+00;-3.206099e-01;1.925718e+00
1094681086052348;1.217591e+00;-3.302504e-01;2.054032e+00
1094681106052348;1.336107e+00;-3.398908e-01;2.182345e+00
1094681126052348;1.426236e+00;-3.447656e-01;2.278176e+00
1094681146052348;1.422131e+00;-3.338200e-01;2.266174e+00
1094681166052348;1.418027e+00;-3.228745e-01;2.254172e+00
1094681186052348;1.413922e+00;-3.119290e-01;2.242171e+00
1094681206052348;1.409818e+00;-3.009835e-01;2.230169e+00
1094681226052348;1.405713e+00;-2.900380e-01;2.218167e+00
1094681246052348;1.401608e+00;-2.790925e-01;2.206166e+00
1094681266052348;1.397504e+00;-2.681469e-01;2.194164e+00
1094681286052348;1.393399e+00;-2.572014e-01;2.182162e+00
1094681306052348;1.389295e+00;-2.462559e-01;2.170161e+00
1094681326052348;1.382279e+00;-2.337716e-01;2.154512e+00
1094681346052348;1.322011e+00;-1.931406e-01;2.072159e+00
1094681366052348;1.261743e+00;-1.525096e-01;1.989806e+00
1094681386052348;1.201476e+00;-1.118786e-01;1.907453e+00
1094681406052348;1.141208e+00;-7.124762e-02;1.825100e+00
1094681426052348;1.080940e+00;-3.061663e-02;1.742747e+00
1094681446052348;1.020673e+00;1.001435e-02;1.660395e+00
1094681466052348;9.604051e-01;5.064533e-02;1.578042e+00
1094681486052348;9.001375e-01;9.127631e-02;1.495689e+00
1094681506052348;8.398698e-01;1.319073e-01;1.413336e+00
1094681526052348;7.796021e-01;1.725383e-01;1.330983e+00
1094681546052348;6.106149e-01;1.249456e-01;1.025270e+00
1094681566052348;4.385808e-01;7.488047e-02;7.132966e-01
1094681586052348;2.665468e-01;2.481536e-02;4.013237e-01
1094681606052348;9.451269e-02;-2.524976e-02;8.935074e-02
1094681626052348;-7.752137e-02;-7.531487e-02;-2.226222e-01
1094681646052348;-2.495554e-01;-1.253800e-01;-5.345952e-01
1094681666052348;-4.215895e-01;-1.754451e-01;-8.465681e-01
1094681686052348;-5.936235e-01;-2.255102e-01;-1.158541e+00
1094681706052348;-7.656576e-01;-2.755753e-01;-1.470514e+00
1094681726052348;-9.376917e-01;-3.256404e-01;-1.782487e+00
1094681746052348;-1.021304e+00;-3.093339e-01;-1.871863e+00
1094681766052348;-1.087547e+00;-2.799893e-01;-1.917511e+00
1094681786052348;-1.153790e+00;-2.506447e-01;-1.963160e+00
1094681806052348;-1.220033e+00;-2.213000e-01;-2.008808e+00
1094681826052348;-1.286276e+00;-1.919554e-01;-2.054457e+00
1094681846052348;-1.352519e+00;-1.626108e-01;-2.100105e+00
1094681866052348;-1.418762e+00;-1.332662e-01;-2.145754e+00
1094681886052348;-1.485004e+00;-1.039215e-01;-2.191402e+00
1094681906052348;-1.551247e+00;-7.457692e-02;-2.237051e+00
1094681926052348;-1.617490e+00;-4.523230e-02;-2.282699e+00
1094681946052348;-1.573694e+00;-2.899353e-02;-2.222723e+00
1094681966052348;-1.488600e+00;-1.767337e-02;-2.123105e+00
1094681986052348;-1.403506e+00;-6.353215e-03;-2.023488e+00
1094682006052348;-1.318413e+00;4.966942e-03;-1.923871e+00
1094682026052348;-1.233319e+00;1.628710e-02;-1.824254e+00
1094682046052348;-1.148225e+00;2.760726e-02;-1.724636e+00
1094682066052348;-1.063131e+00;3.892741e-02;-1.625019e+00
1094682086052348;-9.780374e-01;5.024757e-02;-1.525402e+00
1094682106052348;-8.929436e-01;6.156773e-02;-1.425784e+00
1094682126052348;-8.078498e-01;7.288788e-02;-1.326167e+00
1094682146052348;-7.644561e-01;8.855357e-02;-1.272959e+00
1094682166052348;-7.509935e-01;1.073383e-01;-1.253061e+00
1094682186052348;-7.375309e-01;1.261231e-01;-1.233163e+00
1094682206052348;-7.240683e-01;1.449079e-01;-1.213266e+00
1094682226052348;-7.106056e-01;1.636927e-01;-1.193368e+00
1094682246052348;-6.971430e-01;1.824774e-01;-1.173470e+00
1094682266052348;-6.836804e-01;2.012622e-01;-1.153573e+00
1094682286052348;-6.702178e-01;2.200470e-01;-1.133675e+00
1094682306052348;-6.567552e-01;2.388317e-01;-1.113778e+00
1094682326052348;-6.432925e-01;2.576165e-01;-1.093880e+00
1094682346052348;-5.719686e-01;2.673815e-01;-9.684855e-01
1094682366052348;-4.383877e-01;2.674416e-01;-7.295800e-01
1094682386052348;-3.048068e-01;2.675017e-01;-4.906746e-01
1094682406052348;-1.712259e-01;2.675617e-01;-2.517691e-01
1094682426052348;-3.764495e-02;2.676218e-01;-1.286367e-02
1094682446052348;9.593595e-02;2.676818e-01;2.260418e-01
1094682466052348;2.295169e-01;2.677419e-01;4.649472e-01
1094682486052348;3.630978e-01;2.678020e-01;7.038527e-01
1094682506052348;4.966787e-01;2.678620e-01;9.427582e-01
1094682526052348;6.302596e-01;2.679221e-01;1.181664e+00
1094682546052348;7.371673e-01;2.565598e-01;1.374265e+00
1094682566052348;7.853334e-01;2.200424e-01;1.464894e+00
1094682586052348;8.334996e-01;1.835251e-01;1.555523e+00
1094682606052348;8.816657e-01;1.470077e-01;1.646152e+00
1094682626052348;9.298319e-01;1.104904e-01;1.736781e+00
1094682646052348;9.779980e-01;7.397300e-02;1.827409e+00
1094682666052348;1.026164e+00;3.745564e-02;1.918038e+00
1094682686052348;1.074330e+00;9.382756e-04;2.008667e+00
1094682706052348;1.122496e+00;-3.557909e-02;2.099296e+00
1094682726052348;1.170663e+00;-7.209645e-02;2.189925e+00
1094682746052348;1.206720e+00;-9.288109e-02;2.265781e+00
1094682766052348;1.194893e+00;-5.145137e-02;2.283221e+00
1094682786052348;1.183066e+00;-1.002164e-02;2.300660e+00
1094682806052348;1.171240e+00;3.140808e-02;2.318100e+00
1094682826052348;1.159413e+00;7.283780e-02;2.335540e+00
1094682846052348;1.147586e+00;1.142675e-01;2.352979e+00
1094682866052348;1.135759e+00;1.556972e-01;2.370419e+00
1094682886052348;1.123933e+00;1.971270e-01;2.387859e+00
1094682906052348;1.112106e+00;2.385567e-01;2.405298e+00
1094682926052348;1.100279e+00;2.799864e-01;2.422738e+00
1094682946052348;1.086194e+00;3.197533e-01;2.433617e+00
1094682966052348;1.013169e+00;3.161329e-01;2.273304e+00
1094682986052348;9.401443e-01;3.125126e-01;2.112991e+00
1094683006052348;8.671197e-01;3.088922e-01;1.952678e+00
1094683026052348;7.940950e-01;3.052719e-01;1.792366e+00
1094683046052348;7.210704e-01;3.016515e-01;1.632053e+00
1094683066052348;6.480458e-01;2.980312e-01;1.471740e+00
1094683086052348;5.750211e-01;2.944108e-01;1.311427e+00
1094683106052348;5.019965e-01;2.907905e-01;1.151114e+00
1094683126052348;4.289719e-01;2.871702e-01;9.908017e-01
1094683146052348;3.559472e-01;2.835498e-01;8.304890e-01
1094683166052348;2.356246e-01;1.956393e-01;5.337888e-01
1094683186052348;1.126456e-01;1.029949e-01;2.294290e-01
1094683206052348;-1.033342e-02;1.035058e-02;-7.493073e-02
1094683226052348;-1.333124e-01;-8.229377e-02;-3.792905e-01
1094683246052348;-2.562914e-01;-1.749381e-01;-6.836503e-01
1094683266052348;-3.792704e-01;-2.675825e-01;-9.880100e-01
1094683286052348;-5.022494e-01;-3.602268e-01;-1.292370e+00
1094683306052348;-6.252284e-01;-4.528711e-01;-1.596730e+00
1094683326052348;-7.482073e-01;-5.455155e-01;-1.901089e+00
1094683346052348;-8.711863e-01;-6.381598e-01;-2.205449e+00
1094683366052348;-9.273676e-01;-6.040876e-01;-2.304104e+00
1094683386052348;-9.686522e-01;-5.417562e-01;-2.356884e+00
1094683406052348;-1.009937e+00;-4.794247e-01;-2.409664e+00
1094683426052348;-1.051221e+00;-4.170932e-01;-2.462444e+00
1094683446052348;-1.092506e+00;-3.547617e-01;-2.515224e+00
1094683466052348;-1.133791e+00;-2.924302e-01;-2.568004e+00
1094683486052348;-1.175075e+00;-2.300987e-01;-2.620784e+00
1094683506052348;-1.216360e+00;-1.677673e-01;-2.673565e+00
1094683526052348;-1.257644e+00;-1.054358e-01;-2.726345e+00
1094683546052348;-1.298929e+00;-4.310430e-02;-2.779125e+00
1094683566052348;-1.269844e+00;-1.074530e-02;-2.694430e+00
1094683586052348;-1.210580e+00;8.760053e-03;-2.550780e+00
1094683606052348;-1.151317e+00;2.826541e-02;-2.407130e+00
1094683626052348;-1.092053e+00;4.777076e-02;-2.263480e+00
1094683646052348;-1.032790e+00;6.727612e-02;-2.119830e+00
1094683666052348;-9.735264e-01;8.678148e-02;-1.976180e+00
1094683686052348;-9.142629e-01;1.062868e-01;-1.832530e+00
1094683706052348;-8.549995e-01;1.257922e-01;-1.688880e+00
1094683726052348;-7.957360e-01;1.452975e-01;-1.545230e+00
1094683746052348;-7.364726e-01;1.648029e-01;-1.401579e+00
1094683766052348;-6.823953e-01;1.761144e-01;-1.294073e+00
1094683786052348;-6.323040e-01;1.811284e-01;-1.214345e+00
1094683806052348;-5.822127e-01;1.861424e-01;-1.134616e+00
1094683826052348;-5.321214e-01;1.911563e-01;-1.054888e+00
1094683846052348;-4.820301e-01;1.961703e-01;-9.751603e-01
1094683866052348;-4.319387e-01;2.011843e-01;-8.954323e-01
1094683886052348;-3.818474e-01;2.061982e-01;-8.157042e-01
1094683906052348;-3.317561e-01;2.112122e-01;-7.359762e-01
1094683926052348;-2.816648e-01;2.162262e-01;-6.562481e-01
1094683946052348;-2.315735e-01;2.212401e-01;-5.765200e-01
1094683966052348;-1.576310e-01;2.240412e-01;-4.158977e-01
1094683986052348;-5.492436e-02;2.241734e-01;-1.577181e-01
1094684006052348;4.778227e-02;2.243057e-01;1.004616e-01
1094684026052348;1.504889e-01;2.244380e-01;3.586412e-01
1094684046052348;2.531955e-01;2.245703e-01;6.168208e-01
1094684066052348;3.559022e-01;2.247025e-01;8.750004e-01
1094684086052348;4.586088e-01;2.248348e-01;1.133180e+00
1094684106052348;5.613155e-01;2.249671e-01;1.391360e+00
1094684126052348;6.640221e-01;2.250994e-01;1.649539e+00
1094684146052348;7.667287e-01;2.252316e-01;1.907719e+00
1094684166052348;8.407177e-01;2.299167e-01;2.097507e+00
1094684186052348;8.455822e-01;2.455602e-01;2.122674e+00
1094684206052348;8.504466e-01;2.612038e-01;2.147841e+00
1094684226052348;8.553111e-01;2.768474e-01;2.173009e+00
1094684246052348;8.601756e-01;2.924910e-01;2.198176e+00
1094684266052348;8.650401e-01;3.081346e-01;2.223343e+00
1094684286052348;8.699046e-01;3.237781e-01;2.248511e+00
1094684306052348;8.747690e-01;3.394217e-01;2.273678e+00
1094684326052348;8.796335e-01;3.550653e-01;2.298845e+00
1094684346052348;8.844980e-01;3.707089e-01;2.324012e+00
1094684366052348;8.870470e-01;3.770778e-01;2.338513e+00
1094684386052348;8.784521e-01;3.388101e-01;2.301678e+00
1094684406052348;8.698572e-01;3.005425e-01;2.264843e+00
1094684426052348;8.612624e-01;2.622749e-01;2.228008e+00
1094684446052348;8.526675e-01;2.240072e-01;2.191172e+00
1094684466052348;8.440726e-01;1.857396e-01;2.154337e+00
1094684486052348;8.354777e-01;1.474720e-01;2.117502e+00
1094684506052348;8.268829e-01;1.092043e-01;2.080667e+00
1094684526052348;8.182880e-01;7.093671e-02;2.043832e+00
1094684546052348;8.096931e-01;3.266908e-02;2.006997e+00
1094684566052348;7.994623e-01;-4.781686e-03;1.966587e+00
1094684586052348;7.190738e-01;-7.200477e-03;1.772853e+00
1094684606052348;6.386853e-01;-9.619268e-03;1.579120e+00
1094684626052348;5.582968e-01;-1.203806e-02;1.385387e+00
1094684646052348;4.779083e-01;-1.445685e-02;1.191654e+00
1094684666052348;3.975198e-01;-1.687564e-02;9.979211e-01
1094684686052348;3.171313e-01;-1.929443e-02;8.041880e-01
1094684706052348;2.367427e-01;-2.171322e-02;6.104550e-01
1094684726052348;1.563542e-01;-2.413201e-02;4.167219e-01
1094684746052348;7.596572e-02;-2.655081e-02;2.229888e-01
1094684766052348;-4.422795e-03;-2.896960e-02;2.925571e-02
1094684786052348;-9.188928e-02;-7.181195e-02;-1.704630e-01
1094684806052348;-1.799645e-01;-1.181311e-01;-3.706966e-01
1094684826052348;-2.680398e-01;-1.644503e-01;-5.709301e-01
1094684846052348;-3.561150e-01;-2.107695e-01;-7.711637e-01
1094684866052348;-4.441903e-01;-2.570886e-01;-9.713972e-01
1094684886052348;-5.322656e-01;-3.034078e-01;-1.171631e+00
1094684906052348;-6.203408e-01;-3.497270e-01;-1.371864e+00
1094684926052348;-7.084161e-01;-3.960462e-01;-1.572098e+00
1094684946052348;-7.964913e-01;-4.423653e-01;-1.772331e+00
1094684966052348;-8.845666e-01;-4.886845e-01;-1.972565e+00
1094684986052348;-9.111214e-01;-4.762867e-01;-1.999963e+00
1094685006052348;-9.223162e-01;-4.492288e-01;-1.984208e+00
1094685026052348;-9.335109e-01;-4.221708e-01;-1.968454e+00
1094685046052348;-9.447057e-01;-3.951129e-01;-1.952699e+00
1094685066052348;-9.559004e-01;-3.680550e-01;-1.936944e+00
1094685086052348;-9.670952e-01;-3.409970e-01;-1.921190e+00
1094685106052348;-9.782899e-01;-3.139391e-01;-1.905435e+00
1094685126052348;-9.894846e-01;-2.868812e-01;-1.889680e+00
1094685146052348;-1.000679e+00;-2.598232e-01;-1.873926e+00
1094685166052348;-1.011874e+00;-2.327653e-01;-1.858171e+00
1094685186052348;-1.003820e+00;-2.250817e-01;-1.813598e+00
1094685206052348;-9.863925e-01;-2.268317e-01;-1.754993e+00
1094685226052348;-9.689654e-01;-2.285816e-01;-1.696387e+00
1094685246052348;-9.515383e-01;-2.303316e-01;-1.637782e+00
1094685266052348;-9.341112e-01;-2.320815e-01;-1.579177e+00
1094685286052348;-9.166841e-01;-2.338315e-01;-1.520572e+00
1094685306052348;-8.992570e-01;-2.355814e-01;-1.461966e+00
1094685326052348;-8.818299e-01;-2.373314e-01;-1.403361e+00
1094685346052348;-8.644027e-01;-2.390813e-01;-1.344756e+00
1094685366052348;-8.469756e-01;-2.408313e-01;-1.286151e+00
1094685386052348;-8.339116e-01;-2.331813e-01;-1.236154e+00
1094685406052348;-8.244270e-01;-2.178199e-01;-1.193220e+00
1094685426052348;-8.149423e-01;-2.024586e-01;-1.150285e+00
1094685446052348;-8.054576e-01;-1.870973e-01;-1.107351e+00
1094685466052348;-7.959729e-01;-1.717359e-01;-1.064416e+00
1094685486052348;-7.864882e-01;-1.563746e-01;-1.021482e+00
1094685506052348;-7.770035e-01;-1.410133e-01;-9.785476e-01
1094685526052348;-7.675188e-01;-1.256520e-01;-9.356132e-01
1094685546052348;-7.580341e-01;-1.102906e-01;-8.926788e-01
1094685566052348;-7.485494e-01;-9.492931e-02;-8.497443e-01
1094685586052348;-6.770772e-01;-8.162956e-02;-7.268166e-01
1094685606052348;-5.216769e-01;-7.112108e-02;-4.955819e-01
1094685626052348;-3.662765e-01;-6.061260e-02;-2.643471e-01
1094685646052348;-2.108762e-01;-5.010412e-02;-3.311240e-02
1094685666052348;-5.547585e-02;-3.959564e-02;1.981223e-01
1094685686052348;9.992449e-02;-2.908715e-02;4.293571e-01
1094685706052348;2.553248e-01;-1.857867e-02;6.605918e-01
1094685726052348;4.107252e-01;-8.070192e-03;8.918265e-01
1094685746052348;5.661255e-01;2.438289e-03;1.123061e+00
1094685766052348;7.215258e-01;1.294677e-02;1.354296e+00
1094685786052348;8.363686e-01;2.195022e-02;1.539210e+00
1094685806052348;8.443985e-01;2.698999e-02;1.602135e+00
1094685826052348;8.524283e-01;3.202976e-02;1.665060e+00
1094685846052348;8.604582e-01;3.706953e-02;1.727985e+00
1094685866052348;8.684881e-01;4.210930e-02;1.790910e+00
1094685886052348;8.765180e-01;4.714907e-02;1.853835e+00
1094685906052348;8.845478e-01;5.218884e-02;1.916759e+00
1094685926052348;8.925777e-01;5.722861e-02;1.979684e+00
1094685946052348;9.006076e-01;6.226838e-02;2.042609e+00
1094685966052348;9.086375e-01;6.730815e-02;2.105534e+00
1094685986052348;9.131247e-01;7.012328e-02;2.149085e+00
1094686006052348;8.962330e-01;5.951323e-02;2.075719e+00
1094686026052348;8.793413e-01;4.890317e-02;2.002353e+00
1094686046052348;8.624497e-01;3.829312e-02;1.928986e+00
1094686066052348;8.455580e-01;2.768306e-02;1.855620e+00
1094686086052348;8.286663e-01;1.707301e-02;1.782254e+00
1094686106052348;8.117746e-01;6.462953e-03;1.708888e+00
1094686126052348;7.948829e-01;-4.147102e-03;1.635522e+00
1094686146052348;7.779912e-01;-1.475716e-02;1.562155e+00
1094686166052348;7.610995e-01;-2.536721e-02;1.488789e+00
1094686186052348;7.440073e-01;-3.560618e-02;1.415090e+00
1094686206052348;7.050884e-01;-5.456731e-03;1.305146e+00
1094686226052348;6.661695e-01;2.469272e-02;1.195202e+00
1094686246052348;6.272506e-01;5.484218e-02;1.085258e+00
1094686266052348;5.883317e-01;8.499163e-02;9.753140e-01
1094686286052348;5.494128e-01;1.151411e-01;8.653700e-01
1094686306052348;5.104939e-01;1.452905e-01;7.554260e-01
1094686326052348;4.715750e-01;1.754400e-01;6.454820e-01
1094686346052348;4.326561e-01;2.055894e-01;5.355380e-01
1094686366052348;3.937372e-01;2.357389e-01;4.255940e-01
1094686386052348;3.548183e-01;2.658884e-01;3.156500e-01
1094686406052348;2.551681e-01;2.278433e-01;1.321245e-01
1094686426052348;1.483704e-01;1.817725e-01;-6.006061e-02
1094686446052348;4.157267e-02;1.357017e-01;-2.522458e-01
1094686466052348;-6.522503e-02;8.963096e-02;-4.444309e-01
1094686486052348;-1.720227e-01;4.356017e-02;-6.366161e-01
1094686506052348;-2.788204e-01;-2.510622e-03;-8.288012e-01
1094686526052348;-3.856181e-01;-4.858141e-02;-1.020986e+00
1094686546052348;-4.924158e-01;-9.465220e-02;-1.213172e+00
1094686566052348;-5.992135e-01;-1.407230e-01;-1.405357e+00
1094686586052348;-7.060112e-01;-1.867938e-01;-1.597542e+00
1094686606052348;-7.595573e-01;-1.951780e-01;-1.670649e+00
1094686626052348;-7.983616e-01;-1.931293e-01;-1.710790e+00
1094686646052348;-8.371659e-01;-1.910807e-01;-1.750932e+00
1094686666052348;-8.759702e-01;-1.890320e-01;-1.791074e+00
1094686686052348;-9.147745e-01;-1.869833e-01;-1.831216e+00
1094686706052348;-9.535788e-01;-1.849346e-01;-1.871358e+00
1094686726052348;-9.923831e-01;-1.828860e-01;-1.911500e+00
1094686746052348;-1.031187e+00;-1.808373e-01;-1.951642e+00
1094686766052348;-1.069992e+00;-1.787886e-01;-1.991784e+00
1094686786052348;-1.108796e+00;-1.767399e-01;-2.031925e+00
1094686806052348;-1.110175e+00;-1.690748e-01;-1.986903e+00
1094686826052348;-1.090976e+00;-1.583213e-01;-1.895051e+00
1094686846052348;-1.071777e+00;-1.475678e-01;-1.803200e+00
1094686866052348;-1.052578e+00;-1.368143e-01;-1.711348e+00
1094686886052348;-1.033379e+00;-1.260608e-01;-1.619497e+00
1094686906052348;-1.014180e+00;-1.153074e-01;-1.527645e+00
1094686926052348;-9.949806e-01;-1.045539e-01;-1.435794e+00
1094686946052348;-9.757814e-01;-9.380042e-02;-1.343942e+00
1094686966052348;-9.565823e-01;-8.304694e-02;-1.252091e+00
1094686986052348;-9.373831e-01;-7.229346e-02;-1.160239e+00
1094687006052348;-9.316852e-01;-6.579333e-02;-1.067818e+00
1094687026052348;-9.377833e-01;-6.300938e-02;-9.748994e-01
1094687046052348;-9.438815e-01;-6.022543e-02;-8.819806e-01
1094687066052348;-9.499796e-01;-5.744148e-02;-7.890618e-01
1094687086052348;-9.560778e-01;-5.465753e-02;-6.961430e-01
1094687106052348;-9.621759e-01;-5.187358e-02;-6.032242e-01
1094687126052348;-9.682741e-01;-4.908964e-02;-5.103054e-01
1094687146052348;-9.743722e-01;-4.630569e-02;-4.173866e-01
1094687166052348;-9.804704e-01;-4.352174e-02;-3.244678e-01
1094687186052348;-9.865686e-01;-4.073779e-02;-2.315490e-01
1094687206052348;-9.589464e-01;-4.908574e-02;-1.185363e-01
1094687226052348;-8.799607e-01;-7.439009e-02;2.508406e-02
1094687246052348;-8.009749e-01;-9.969445e-02;1.687044e-01
1094687266052348;-7.219892e-01;-1.249988e-01;3.123248e-01
1094687286052348;-6.430034e-01;-1.503032e-01;4.559452e-01
1094687306052348;-5.640177e-01;-1.756075e-01;5.995655e-01
1094687326052348;-4.850319e-01;-2.009119e-01;7.431859e-01
1094687346052348;-4.060461e-01;-2.262162e-01;8.868062e-01
1094687366052348;-3.270604e-01;-2.515206e-01;1.030427e+00
1094687386052348;-2.480746e-01;-2.768250e-01;1.174047e+00
1094687406052348;-1.609565e-01;-2.899080e-01;1.292310e+00
1094687426052348;-5.035569e-02;-2.677012e-01;1.337350e+00
1094687446052348;6.024516e-02;-2.454943e-01;1.382390e+00
1094687466052348;1.708460e-01;-2.232874e-01;1.427430e+00
1094687486052348;2.814469e-01;-2.010806e-01;1.472470e+00
1094687506052348;3.920477e-01;-1.788737e-01;1.517510e+00
1094687526052348;5.026486e-01;-1.566668e-01;1.562550e+00
1094687546052348;6.132494e-01;-1.344599e-01;1.607590e+00
1094687566052348;7.238503e-01;-1.122531e-01;1.652630e+00
1094687586052348;8.344511e-01;-9.004620e-02;1.697670e+00
1094687606052348;9.333245e-01;-6.992247e-02;1.735448e+00
1094687626052348;9.395077e-01;-6.626329e-02;1.715836e+00
1094687646052348;9.456909e-01;-6.260410e-02;1.696224e+00
1094687666052348;9.518741e-01;-5.894492e-02;1.676612e+00
1094687686052348;9.580572e-01;-5.528574e-02;1.656999e+00
1094687706052348;9.642404e-01;-5.162656e-02;1.637387e+00
1094687726052348;9.704236e-01;-4.796738e-02;1.617775e+00
1094687746052348;9.766067e-01;-4.430819e-02;1.598162e+00
1094687766052348;9.827899e-01;-4.064901e-02;1.578550e+00
1094687786052348;9.889731e-01;-3.698983e-02;1.558938e+00
1094687806052348;9.951562e-01;-3.333065e-02;1.539326e+00
1094687826052348;9.746293e-01;-4.938773e-02;1.479708e+00
1094687846052348;9.539879e-01;-6.552928e-02;1.419919e+00
1094687866052348;9.333465e-01;-8.167082e-02;1.360130e+00
1094687886052348;9.127051e-01;-9.781237e-02;1.300341e+00
1094687906052348;8.920637e-01;-1.139539e-01;1.240552e+00
1094687926052348;8.714223e-01;-1.300955e-01;1.180764e+00
1094687946052348;8.507809e-01;-1.462370e-01;1.120975e+00
1094687966052348;8.301395e-01;-1.623785e-01;1.061186e+00
1094687986052348;8.094981e-01;-1.785201e-01;1.001397e+00
1094688006052348;7.888567e-01;-1.946616e-01;9.416079e-01
1094688026052348;6.879459e-01;-2.143779e-01;7.643943e-01
1094688046052348;5.748938e-01;-2.346349e-01;5.694192e-01
1094688066052348;4.618416e-01;-2.548919e-01;3.744441e-01
1094688086052348;3.487894e-01;-2.751489e-01;1.794690e-01
1094688106052348;2.357373e-01;-2.954059e-01;-1.550612e-02
1094688126052348;1.226851e-01;-3.156629e-01;-2.104812e-01
1094688146052348;9.632950e-03;-3.359199e-01;-4.054563e-01
1094688166052348;-1.034192e-01;-3.561769e-01;-6.004314e-01
1094688186052348;-2.164714e-01;-3.764339e-01;-7.954065e-01
1094688206052348;-3.295235e-01;-3.966909e-01;-9.903816e-01
1094688226052348;-3.912848e-01;-3.897411e-01;-1.081814e+00
1094688246052348;-4.374161e-01;-3.745004e-01;-1.141693e+00
1094688266052348;-4.835473e-01;-3.592598e-01;-1.201572e+00
1094688286052348;-5.296786e-01;-3.440191e-01;-1.261451e+00
1094688306052348;-5.758098e-01;-3.287785e-01;-1.321330e+00
1094688326052348;-6.219411e-01;-3.135379e-01;-1.381209e+00
1094688346052348;-6.680723e-01;-2.982972e-01;-1.441088e+00
1094688366052348;-7.142036e-01;-2.830566e-01;-1.500967e+00
1094688386052348;-7.603348e-01;-2.678159e-01;-1.560847e+00
1094688406052348;-8.064661e-01;-2.525753e-01;-1.620726e+00
1094688426052348;-8.258512e-01;-2.358838e-01;-1.622023e+00
1094688446052348;-8.286939e-01;-2.182950e-01;-1.587087e+00
1094688466052348;-8.315367e-01;-2.007062e-01;-1.552152e+00
1094688486052348;-8.343794e-01;-1.831174e-01;-1.517216e+00
1094688506052348;-8.372222e-01;-1.655286e-01;-1.482280e+00
1094688526052348;-8.400649e-01;-1.479399e-01;-1.447345e+00
1094688546052348;-8.429077e-01;-1.303511e-01;-1.412409e+00
1094688566052348;-8.457504e-01;-1.127623e-01;-1.377474e+00
1094688586052348;-8.485931e-01;-9.517345e-02;-1.342538e+00
1094688606052348;-8.514359e-01;-7.758466e-02;-1.307602e+00
1094688626052348;-8.319451e-01;-5.589944e-02;-1.274036e+00
1094688646052348;-7.916960e-01;-3.040672e-02;-1.241743e+00
1094688666052348;-7.514469e-01;-4.913993e-03;-1.209450e+00
1094688686052348;-7.111977e-01;2.057873e-02;-1.177156e+00
1094688706052348;-6.709486e-01;4.607146e-02;-1.144863e+00
1094688726052348;-6.306995e-01;7.156418e-02;-1.112570e+00
1094688746052348;-5.904503e-01;9.705691e-02;-1.080277e+00
1094688766052348;-5.502012e-01;1.225496e-01;-1.047984e+00
1094688786052348;-5.099521e-01;1.480424e-01;-1.015690e+00
1094688806052348;-4.697030e-01;1.735351e-01;-9.833970e-01
1094688826052348;-4.389745e-01;1.826090e-01;-9.378689e-01
1094688846052348;-4.246081e-01;1.634660e-01;-8.695955e-01
1094688866052348;-4.102418e-01;1.443229e-01;-8.013222e-01
1094688886052348;-3.958754e-01;1.251798e-01;-7.330488e-01
1094688906052348;-3.815091e-01;1.060367e-01;-6.647754e-01
1094688926052348;-3.671427e-01;8.689361e-02;-5.965020e-01
1094688946052348;-3.527763e-01;6.775053e-02;-5.282287e-01
1094688966052348;-3.384100e-01;4.860744e-02;-4.599553e-01
1094688986052348;-3.240436e-01;2.946436e-02;-3.916819e-01
1094689006052348;-3.096773e-01;1.032127e-02;-3.234085e-01
1094689026052348;-2.650889e-01;-2.711328e-03;-2.336191e-01
1094689046052348;-1.245111e-01;3.663810e-03;-7.549164e-02
1094689066052348;1.606664e-02;1.003895e-02;8.263580e-02
1094689086052348;1.566444e-01;1.641409e-02;2.407632e-01
1094689106052348;2.972221e-01;2.278922e-02;3.988907e-01
1094689126052348;4.377999e-01;2.916436e-02;5.570181e-01
1094689146052348;5.783776e-01;3.553950e-02;7.151456e-01
1094689166052348;7.189554e-01;4.191464e-02;8.732730e-01
1094689186052348;8.595331e-01;4.828978e-02;1.031400e+00
1094689206052348;1.000111e+00;5.466492e-02;1.189528e+00
1094689226052348;1.128887e+00;6.043091e-02;1.340860e+00
1094689246052348;1.126504e+00;5.942691e-02;1.416668e+00
1094689266052348;1.124121e+00;5.842291e-02;1.492476e+00
1094689286052348;1.121738e+00;5.741891e-02;1.568284e+00
1094689306052348;1.119355e+00;5.641491e-02;1.644092e+00
1094689326052348;1.116972e+00;5.541091e-02;1.719900e+00
1094689346052348;1.114589e+00;5.440692e-02;1.795708e+00
1094689366052348;1.112206e+00;5.340292e-02;1.871516e+00
1094689386052348;1.109823e+00;5.239892e-02;1.947324e+00
1094689406052348;1.107440e+00;5.139492e-02;2.023132e+00
1094689426052348;1.105058e+00;5.039092e-02;2.098939e+00
1094689446052348;1.055944e+00;4.770971e-02;2.054053e+00
1094689466052348;1.006003e+00;4.499877e-02;2.007028e+00
1094689486052348;9.560614e-01;4.228784e-02;1.960002e+00
1094689506052348;9.061199e-01;3.957690e-02;1.912976e+00
1094689526052348;8.561785e-01;3.686596e-02;1.865950e+00
1094689546052348;8.062370e-01;3.415502e-02;1.818925e+00
1094689566052348;7.562955e-01;3.144408e-02;1.771899e+00
1094689586052348;7.063540e-01;2.873314e-02;1.724873e+00
1094689606052348;6.564125e-01;2.602220e-02;1.677847e+00
1094689626052348;6.064710e-01;2.331126e-02;1.630822e+00
1094689646052348;5.454597e-01;2.266012e-02;1.449752e+00
1094689666052348;4.823803e-01;2.239382e-02;1.243640e+00
1094689686052348;4.193010e-01;2.212751e-02;1.037527e+00
1094689706052348;3.562216e-01;2.186120e-02;8.314146e-01
1094689726052348;2.931422e-01;2.159489e-02;6.253020e-01
1094689746052348;2.300628e-01;2.132858e-02;4.191894e-01
1094689766052348;1.669834e-01;2.106227e-02;2.130767e-01
1094689786052348;1.039040e-01;2.079596e-02;6.964104e-03
1094689806052348;4.082464e-02;2.052966e-02;-1.991485e-01
1094689826052348;-2.225475e-02;2.026335e-02;-4.052611e-01
1094689846052348;-8.179577e-02;2.552606e-02;-5.370664e-01
1094689866052348;-1.401564e-01;3.263323e-02;-6.440830e-01
1094689886052348;-1.985170e-01;3.974041e-02;-7.510995e-01
1094689906052348;-2.568777e-01;4.684759e-02;-8.581161e-01
1094689926052348;-3.152383e-01;5.395476e-02;-9.651326e-01
1094689946052348;-3.735989e-01;6.106194e-02;-1.072149e+00
1094689966052348;-4.319595e-01;6.816911e-02;-1.179166e+00
1094689986052348;-4.903202e-01;7.527629e-02;-1.286182e+00
1094690006052348;-5.486808e-01;8.238347e-02;-1.393199e+00
1094690026052348;-6.070414e-01;8.949064e-02;-1.500215e+00
1094690046052348;-6.556991e-01;7.403481e-02;-1.548800e+00
1094690066052348;-6.976285e-01;4.293299e-02;-1.556866e+00
1094690086052348;-7.395578e-01;1.183116e-02;-1.564932e+00
1094690106052348;-7.814871e-01;-1.927066e-02;-1.572998e+00
1094690126052348;-8.234165e-01;-5.037248e-02;-1.581065e+00
1094690146052348;-8.653458e-01;-8.147430e-02;-1.589131e+00
1094690166052348;-9.072751e-01;-1.125761e-01;-1.597197e+00
1094690186052348;-9.492045e-01;-1.436779e-01;-1.605263e+00
1094690206052348;-9.911338e-01;-1.747798e-01;-1.613329e+00
1094690226052348;-1.033063e+00;-2.058816e-01;-1.621395e+00
1094690246052348;-1.021530e+00;-1.977221e-01;-1.585178e+00
1094690266052348;-9.571715e-01;-1.507696e-01;-1.505205e+00
1094690286052348;-8.928132e-01;-1.038172e-01;-1.425231e+00
1094690306052348;-8.284549e-01;-5.686471e-02;-1.345258e+00
1094690326052348;-7.640966e-01;-9.912247e-03;-1.265285e+00
1094690346052348;-6.997383e-01;3.704022e-02;-1.185312e+00
1094690366052348;-6.353800e-01;8.399268e-02;-1.105339e+00
1094690386052348;-5.710217e-01;1.309451e-01;-1.025366e+00
1094690406052348;-5.066634e-01;1.778976e-01;-9.453932e-01
1094690426052348;-4.423051e-01;2.248501e-01;-8.654202e-01
1094690446052348;-4.007798e-01;2.564010e-01;-8.136818e-01
1094690466052348;-4.037020e-01;2.579708e-01;-8.169059e-01
1094690486052348;-4.066242e-01;2.595406e-01;-8.201300e-01
1094690506052348;-4.095464e-01;2.611104e-01;-8.233541e-01
1094690526052348;-4.124686e-01;2.626802e-01;-8.265782e-01
1094690546052348;-4.153909e-01;2.642500e-01;-8.298023e-01
1094690566052348;-4.183131e-01;2.658198e-01;-8.330264e-01
1094690586052348;-4.212353e-01;2.673895e-01;-8.362504e-01
1094690606052348;-4.241575e-01;2.689593e-01;-8.394745e-01
1094690626052348;-4.270797e-01;2.705291e-01;-8.426986e-01
1094690646052348;-4.118158e-01;2.601164e-01;-8.032500e-01
1094690666052348;-3.327261e-01;2.076503e-01;-6.140379e-01
1094690686052348;-2.536364e-01;1.551841e-01;-4.248258e-01
1094690706052348;-1.745468e-01;1.027180e-01;-2.356137e-01
1094690726052348;-9.545709e-02;5.025186e-02;-4.640161e-02
1094690746052348;-1.636742e-02;-2.214281e-03;1.428105e-01
1094690766052348;6.272225e-02;-5.468042e-02;3.320226e-01
1094690786052348;1.418119e-01;-1.071466e-01;5.212347e-01
1094690806052348;2.209016e-01;-1.596127e-01;7.104468e-01
1094690826052348;2.999913e-01;-2.120789e-01;8.996589e-01
1094690846052348;3.777581e-01;-2.616859e-01;1.082067e+00
1094690866052348;4.317613e-01;-2.599290e-01;1.142237e+00
1094690886052348;4.857645e-01;-2.581721e-01;1.202408e+00
1094690906052348;5.397676e-01;-2.564152e-01;1.262578e+00
1094690926052348;5.937708e-01;-2.546583e-01;1.322749e+00
1094690946052348;6.477739e-01;-2.529014e-01;1.382919e+00
1094690966052348;7.017771e-01;-2.511445e-01;1.443090e+00
1094690986052348;7.557802e-01;-2.493876e-01;1.503260e+00
1094691006052348;8.097834e-01;-2.476307e-01;1.563430e+00
1094691026052348;8.637866e-01;-2.458738e-01;1.623601e+00
1094691046052348;9.177897e-01;-2.441169e-01;1.683771e+00
1094691066052348;9.086555e-01;-2.467467e-01;1.655879e+00
1094691086052348;8.975368e-01;-2.495144e-01;1.625218e+00
1094691106052348;8.864180e-01;-2.522820e-01;1.594557e+00
1094691126052348;8.752993e-01;-2.550497e-01;1.563896e+00
1094691146052348;8.641805e-01;-2.578173e-01;1.533235e+00
1094691166052348;8.530618e-01;-2.605850e-01;1.502575e+00
1094691186052348;8.419431e-01;-2.633526e-01;1.471914e+00
1094691206052348;8.308243e-01;-2.661203e-01;1.441253e+00
1094691226052348;8.197056e-01;-2.688879e-01;1.410592e+00
1094691246052348;8.085868e-01;-2.716556e-01;1.379931e+00
1094691266052348;7.687814e-01;-2.553925e-01;1.296332e+00
1094691286052348;7.225330e-01;-2.348551e-01;1.200842e+00
1094691306052348;6.762845e-01;-2.143178e-01;1.105352e+00
1094691326052348;6.300360e-01;-1.937804e-01;1.009863e+00
1094691346052348;5.837876e-01;-1.732430e-01;9.143731e-01
1094691366052348;5.375391e-01;-1.527056e-01;8.188835e-01
1094691386052348;4.912907e-01;-1.321683e-01;7.233938e-01
1094691406052348;4.450422e-01;-1.116309e-01;6.279042e-01
1094691426052348;3.987938e-01;-9.109352e-02;5.324145e-01
1094691446052348;3.525453e-01;-7.055614e-02;4.369249e-01
1094691466052348;2.741846e-01;-6.436640e-02;2.898008e-01
1094691486052348;1.841479e-01;-6.339336e-02;1.239028e-01
1094691506052348;9.411135e-02;-6.242032e-02;-4.199512e-02
1094691526052348;4.074748e-03;-6.144728e-02;-2.078931e-01
1094691546052348;-8.596185e-02;-6.047423e-02;-3.737910e-01
1094691566052348;-1.759985e-01;-5.950119e-02;-5.396890e-01
1094691586052348;-2.660351e-01;-5.852815e-02;-7.055870e-01
1094691606052348;-3.560717e-01;-5.755511e-02;-8.714849e-01
1094691626052348;-4.461083e-01;-5.658207e-02;-1.037383e+00
1094691646052348;-5.361449e-01;-5.560902e-02;-1.203281e+00
1094691666052348;-5.917265e-01;-4.119764e-02;-1.296007e+00
1094691686052348;-6.205860e-01;-1.636393e-02;-1.331985e+00
1094691706052348;-6.494455e-01;8.469785e-03;-1.367962e+00
1094691726052348;-6.783049e-01;3.330350e-02;-1.403939e+00
1094691746052348;-7.071644e-01;5.813721e-02;-1.439917e+00
1094691766052348;-7.360239e-01;8.297092e-02;-1.475894e+00
1094691786052348;-7.648834e-01;1.078046e-01;-1.511872e+00
1094691806052348;-7.937429e-01;1.326384e-01;-1.547849e+00
1094691826052348;-8.226024e-01;1.574721e-01;-1.583826e+00
1094691846052348;-8.514619e-01;1.823058e-01;-1.619804e+00
1094691866052348;-8.557627e-01;1.944758e-01;-1.612156e+00
1094691886052348;-8.342738e-01;1.933473e-01;-1.558699e+00
1094691906052348;-8.127850e-01;1.922188e-01;-1.505241e+00
1094691926052348;-7.912962e-01;1.910904e-01;-1.451783e+00
1094691946052348;-7.698073e-01;1.899619e-01;-1.398325e+00
1094691966052348;-7.483185e-01;1.888334e-01;-1.344867e+00
1094691986052348;-7.268297e-01;1.877050e-01;-1.291409e+00
1094692006052348;-7.053408e-01;1.865765e-01;-1.237951e+00
1094692026052348;-6.838520e-01;1.854480e-01;-1.184493e+00
1094692046052348;-6.623632e-01;1.843195e-01;-1.131035e+00
1094692066052348;-6.274421e-01;1.829481e-01;-1.065493e+00
1094692086052348;-5.627460e-01;1.810382e-01;-9.731628e-01
1094692106052348;-4.980499e-01;1.791283e-01;-8.808331e-01
1094692126052348;-4.333538e-01;1.772183e-01;-7.885034e-01
1094692146052348;-3.686578e-01;1.753084e-01;-6.961737e-01
1094692166052348;-3.039617e-01;1.733985e-01;-6.038440e-01
1094692186052348;-2.392656e-01;1.714885e-01;-5.115143e-01
1094692206052348;-1.745695e-01;1.695786e-01;-4.191846e-01
1094692226052348;-1.098734e-01;1.676687e-01;-3.268549e-01
1094692246052348;-4.517737e-02;1.657587e-01;-2.345252e-01
1094692266052348;1.987537e-02;1.574644e-01;-1.331760e-01
1094692286052348;8.631903e-02;1.242726e-01;3.347220e-03
1094692306052348;1.527627e-01;9.108081e-02;1.398705e-01
1094692326052348;2.192063e-01;5.788899e-02;2.763937e-01
1094692346052348;2.856500e-01;2.469718e-02;4.129169e-01
1094692366052348;3.520937e-01;-8.494642e-03;5.494402e-01
1094692386052348;4.185373e-01;-4.168646e-02;6.859634e-01
1094692406052348;4.849810e-01;-7.487828e-02;8.224866e-01
1094692426052348;5.514246e-01;-1.080701e-01;9.590099e-01
1094692446052348;6.178683e-01;-1.412619e-01;1.095533e+00
1094692466052348;6.829676e-01;-1.736638e-01;1.228618e+00
1094692486052348;6.908564e-01;-1.724502e-01;1.215365e+00
1094692506052348;6.987452e-01;-1.712365e-01;1.202111e+00
1094692526052348;7.066340e-01;-1.700229e-01;1.188858e+00
1094692546052348;7.145228e-01;-1.688092e-01;1.175605e+00
1094692566052348;7.224116e-01;-1.675956e-01;1.162352e+00
1094692586052348;7.303005e-01;-1.663819e-01;1.149099e+00
1094692606052348;7.381893e-01;-1.651682e-01;1.135846e+00
1094692626052348;7.460781e-01;-1.639546e-01;1.122593e+00
1094692646052348;7.539669e-01;-1.627409e-01;1.109339e+00
1094692666052348;7.618557e-01;-1.615273e-01;1.096086e+00
1094692686052348;7.773725e-01;-1.461053e-01;1.144687e+00
1094692706052348;7.932361e-01;-1.300374e-01;1.196099e+00
1094692726052348;8.090997e-01;-1.139695e-01;1.247511e+00
1094692746052348;8.249633e-01;-9.790163e-02;1.298924e+00
1094692766052348;8.408269e-01;-8.183374e-02;1.350336e+00
1094692786052348;8.566904e-01;-6.576586e-02;1.401748e+00
1094692806052348;8.725540e-01;-4.969797e-02;1.453161e+00
1094692826052348;8.884176e-01;-3.363009e-02;1.504573e+00
1094692846052348;9.042812e-01;-1.756221e-02;1.555985e+00
1094692866052348;9.201448e-01;-1.494324e-03;1.607398e+00
1094692886052348;8.774924e-01;1.106571e-02;1.521422e+00
1094692906052348;8.193385e-01;2.269648e-02;1.399050e+00
1094692926052348;7.611846e-01;3.432726e-02;1.276678e+00
1094692946052348;7.030308e-01;4.595803e-02;1.154306e+00
1094692966052348;6.448769e-01;5.758880e-02;1.031935e+00
1094692986052348;5.867230e-01;6.921958e-02;9.095629e-01
1094693006052348;5.285692e-01;8.085035e-02;7.871912e-01
1094693026052348;4.704153e-01;9.248112e-02;6.648194e-01
1094693046052348;4.122614e-01;1.041119e-01;5.424477e-01
1094693066052348;3.541076e-01;1.157427e-01;4.200760e-01
1094693086052348;2.559219e-01;9.038446e-02;2.423014e-01
1094693106052348;1.419327e-01;5.042407e-02;4.265548e-02
1094693126052348;2.794361e-02;1.046368e-02;-1.569905e-01
1094693146052348;-8.604552e-02;-2.949671e-02;-3.566364e-01
1094693166052348;-2.000346e-01;-6.945710e-02;-5.562824e-01
1094693186052348;-3.140238e-01;-1.094175e-01;-7.559283e-01
1094693206052348;-4.280129e-01;-1.493779e-01;-9.555743e-01
1094693226052348;-5.420020e-01;-1.893383e-01;-1.155220e+00
1094693246052348;-6.559911e-01;-2.292987e-01;-1.354866e+00
1094693266052348;-7.699803e-01;-2.692591e-01;-1.554512e+00
1094693286052348;-8.313582e-01;-2.673171e-01;-1.649084e+00
1094693306052348;-8.471893e-01;-2.290991e-01;-1.652689e+00
1094693326052348;-8.630203e-01;-1.908811e-01;-1.656295e+00
1094693346052348;-8.788514e-01;-1.526632e-01;-1.659901e+00
1094693366052348;-8.946825e-01;-1.144452e-01;-1.663506e+00
1094693386052348;-9.105135e-01;-7.622723e-02;-1.667112e+00
1094693406052348;-9.263446e-01;-3.800927e-02;-1.670718e+00
1094693426052348;-9.421757e-01;2.087012e-04;-1.674323e+00
1094693446052348;-9.580067e-01;3.842667e-02;-1.677929e+00
1094693466052348;-9.738378e-01;7.664464e-02;-1.681535e+00
1094693486052348;-9.601092e-01;1.038541e-01;-1.659018e+00
1094693506052348;-9.133990e-01;1.187807e-01;-1.607357e+00
1094693526052348;-8.666889e-01;1.337074e-01;-1.555695e+00
1094693546052348;-8.199787e-01;1.486340e-01;-1.504033e+00
1094693566052348;-7.732686e-01;1.635607e-01;-1.452372e+00
1094693586052348;-7.265584e-01;1.784873e-01;-1.400710e+00
1094693606052348;-6.798482e-01;1.934139e-01;-1.349048e+00
1094693626052348;-6.331381e-01;2.083406e-01;-1.297387e+00
1094693646052348;-5.864279e-01;2.232672e-01;-1.245725e+00
1094693666052348;-5.397178e-01;2.381938e-01;-1.194063e+00
1094693686052348;-5.040645e-01;2.408211e-01;-1.139531e+00
1094693706052348;-4.965013e-01;2.122019e-01;-1.077706e+00
1094693726052348;-4.889380e-01;1.835826e-01;-1.015881e+00
1094693746052348;-4.813748e-01;1.549633e-01;-9.540563e-01
1094693766052348;-4.738115e-01;1.263441e-01;-8.922315e-01
1094693786052348;-4.662483e-01;9.772480e-02;-8.304066e-01
1094693806052348;-4.586851e-01;6.910554e-02;-7.685818e-01
1094693826052348;-4.511218e-01;4.048627e-02;-7.067569e-01
1094693846052348;-4.435586e-01;1.186701e-02;-6.449321e-01
1094693866052348;-4.359953e-01;-1.675226e-02;-5.831072e-01
1094693886052348;-4.052876e-01;-4.669293e-02;-4.953601e-01
1094693906052348;-2.736131e-01;-8.239822e-02;-2.945284e-01
1094693926052348;-1.419387e-01;-1.181035e-01;-9.369669e-02
1094693946052348;-1.026421e-02;-1.538088e-01;1.071350e-01
1094693966052348;1.214103e-01;-1.895141e-01;3.079668e-01
1094693986052348;2.530847e-01;-2.252193e-01;5.087985e-01
1094694006052348;3.847592e-01;-2.609246e-01;7.096302e-01
1094694026052348;5.164337e-01;-2.966299e-01;9.104620e-01
1094694046052348;6.481081e-01;-3.323352e-01;1.111294e+00
1094694066052348;7.797826e-01;-3.680405e-01;1.312125e+00
1094694086052348;9.114571e-01;-4.037458e-01;1.512957e+00
1094694106052348;9.298452e-01;-3.685491e-01;1.533154e+00
1094694126052348;9.474605e-01;-3.328687e-01;1.552119e+00
1094694146052348;9.650758e-01;-2.971883e-01;1.571084e+00
1094694166052348;9.826911e-01;-2.615080e-01;1.590048e+00
1094694186052348;1.000306e+00;-2.258276e-01;1.609013e+00
1094694206052348;1.017922e+00;-1.901472e-01;1.627978e+00
1094694226052348;1.035537e+00;-1.544669e-01;1.646943e+00
1094694246052348;1.053152e+00;-1.187865e-01;1.665907e+00
1094694266052348;1.070768e+00;-8.310610e-02;1.684872e+00
1094694286052348;1.088383e+00;-4.742573e-02;1.703837e+00
1094694306052348;1.062010e+00;-6.131832e-02;1.688625e+00
1094694326052348;1.033003e+00;-7.817892e-02;1.671368e+00
1094694346052348;1.003996e+00;-9.503952e-02;1.654111e+00
1094694366052348;9.749887e-01;-1.119001e-01;1.636853e+00
1094694386052348;9.459817e-01;-1.287607e-01;1.619596e+00
1094694406052348;9.169747e-01;-1.456213e-01;1.602338e+00
1094694426052348;8.879677e-01;-1.624819e-01;1.585081e+00
1094694446052348;8.589607e-01;-1.793425e-01;1.567823e+00
1094694466052348;8.299537e-01;-1.962032e-01;1.550566e+00
1094694486052348;8.009467e-01;-2.130638e-01;1.533308e+00
1094694506052348;7.354706e-01;-1.980666e-01;1.422810e+00
1094694526052348;6.599787e-01;-1.743202e-01;1.286704e+00
1094694546052348;5.844867e-01;-1.505737e-01;1.150598e+00
1094694566052348;5.089948e-01;-1.268273e-01;1.014492e+00
1094694586052348;4.335028e-01;-1.030808e-01;8.783858e-01
1094694606052348;3.580109e-01;-7.933433e-02;7.422798e-01
1094694626052348;2.825189e-01;-5.558787e-02;6.061738e-01
1094694646052348;2.070270e-01;-3.184141e-02;4.700678e-01
1094694666052348;1.315350e-01;-8.094950e-03;3.339618e-01
1094694686052348;5.604307e-02;1.565151e-02;1.978558e-01
1094694706052348;-2.178562e-02;3.226204e-02;4.599725e-02
1094694726052348;-1.006131e-01;4.582234e-02;-1.125946e-01
1094694746052348;-1.794407e-01;5.938265e-02;-2.711864e-01
1094694766052348;-2.582682e-01;7.294295e-02;-4.297783e-01
1094694786052348;-3.370957e-01;8.650326e-02;-5.883701e-01
1094694806052348;-4.159232e-01;1.000636e-01;-7.469620e-01
1094694826052348;-4.947508e-01;1.136239e-01;-9.055538e-01
1094694846052348;-5.735783e-01;1.271842e-01;-1.064146e+00
1094694866052348;-6.524058e-01;1.407445e-01;-1.222738e+00
1094694886052348;-7.312333e-01;1.543048e-01;-1.381329e+00
1094694906052348;-7.881127e-01;1.720223e-01;-1.490905e+00
1094694926052348;-8.254276e-01;1.934457e-01;-1.556789e+00
1094694946052348;-8.627426e-01;2.148690e-01;-1.622672e+00
1094694966052348;-9.000575e-01;2.362923e-01;-1.688556e+00
1094694986052348;-9.373724e-01;2.577156e-01;-1.754439e+00
1094695006052348;-9.746874e-01;2.791390e-01;-1.820323e+00
1094695026052348;-1.012002e+00;3.005623e-01;-1.886206e+00
1094695046052348;-1.049317e+00;3.219856e-01;-1.952090e+00
1094695066052348;-1.086632e+00;3.434089e-01;-2.017973e+00
1094695086052348;-1.123947e+00;3.648322e-01;-2.083857e+00
1094695106052348;-1.129193e+00;3.746541e-01;-2.077243e+00
1094695126052348;-1.096423e+00;3.707226e-01;-1.984684e+00
1094695146052348;-1.063652e+00;3.667911e-01;-1.892126e+00
1094695166052348;-1.030882e+00;3.628596e-01;-1.799568e+00
1094695186052348;-9.981113e-01;3.589280e-01;-1.707010e+00
1094695206052348;-9.653408e-01;3.549965e-01;-1.614452e+00
1094695226052348;-9.325703e-01;3.510650e-01;-1.521894e+00
1094695246052348;-8.997997e-01;3.471335e-01;-1.429336e+00
1094695266052348;-8.670292e-01;3.432020e-01;-1.336778e+00
1094695286052348;-8.342587e-01;3.392705e-01;-1.244219e+00
1094695306052348;-7.884624e-01;3.261199e-01;-1.151139e+00
1094695326052348;-7.065076e-01;2.873776e-01;-1.056609e+00
1094695346052348;-6.245527e-01;2.486353e-01;-9.620797e-01
1094695366052348;-5.425978e-01;2.098930e-01;-8.675500e-01
1094695386052348;-4.606430e-01;1.711507e-01;-7.730202e-01
1094695406052348;-3.786881e-01;1.324084e-01;-6.784905e-01
1094695426052348;-2.967333e-01;9.366613e-02;-5.839608e-01
1094695446052348;-2.147784e-01;5.492384e-02;-4.894311e-01
1094695466052348;-1.328236e-01;1.618156e-02;-3.949013e-01
1094695486052348;-5.086871e-02;-2.256073e-02;-3.003716e-01
1094695506052348;3.324858e-02;-6.064439e-02;-1.885424e-01
1094695526052348;1.272160e-01;-9.572794e-02;2.087489e-03
1094695546052348;2.211833e-01;-1.308115e-01;1.927173e-01
1094695566052348;3.151507e-01;-1.658951e-01;3.833472e-01
1094695586052348;4.091181e-01;-2.009786e-01;5.739770e-01
1094695606052348;5.030855e-01;-2.360622e-01;7.646069e-01
1094695626052348;5.970529e-01;-2.711457e-01;9.552367e-01
1094695646052348;6.910202e-01;-3.062293e-01;1.145867e+00
1094695666052348;7.849876e-01;-3.413128e-01;1.336496e+00
1094695686052348;8.789550e-01;-3.763964e-01;1.527126e+00
1094695706052348;9.729224e-01;-4.114800e-01;1.717756e+00
1094695726052348;9.795045e-01;-3.968445e-01;1.721167e+00
1094695746052348;9.843245e-01;-3.812066e-01;1.720803e+00
1094695766052348;9.891446e-01;-3.655686e-01;1.720439e+00
1094695786052348;9.939646e-01;-3.499307e-01;1.720074e+00
1094695806052348;9.987847e-01;-3.342927e-01;1.719710e+00
1094695826052348;1.003605e+00;-3.186548e-01;1.719346e+00
1094695846052348;1.008425e+00;-3.030168e-01;1.718982e+00
1094695866052348;1.013245e+00;-2.873789e-01;1.718617e+00
1094695886052348;1.018065e+00;-2.717409e-01;1.718253e+00
1094695906052348;1.022885e+00;-2.561029e-01;1.717889e+00
1094695926052348;1.009884e+00;-2.259746e-01;1.718124e+00
1094695946052348;9.952826e-01;-1.945452e-01;1.718413e+00
1094695966052348;9.806814e-01;-1.631159e-01;1.718702e+00
1094695986052348;9.660802e-01;-1.316865e-01;1.718991e+00
1094696006052348;9.514790e-01;-1.002572e-01;1.719280e+00
1094696026052348;9.368778e-01;-6.882783e-02;1.719568e+00
1094696046052348;9.222766e-01;-3.739848e-02;1.719857e+00
1094696066052348;9.076754e-01;-5.969128e-03;1.720146e+00
1094696086052348;8.930742e-01;2.546022e-02;1.720435e+00
1094696106052348;8.784730e-01;5.688957e-02;1.720724e+00
1094696126052348;7.695620e-01;6.301701e-02;1.509593e+00
1094696146052348;6.321727e-01;6.150418e-02;1.234621e+00
1094696166052348;4.947834e-01;5.999135e-02;9.596484e-01
1094696186052348;3.573941e-01;5.847851e-02;6.846761e-01
1094696206052348;2.200049e-01;5.696568e-02;4.097038e-01
1094696226052348;8.261558e-02;5.545285e-02;1.347315e-01
1094696246052348;-5.477370e-02;5.394002e-02;-1.402407e-01
1094696266052348;-1.921630e-01;5.242719e-02;-4.152130e-01
1094696286052348;-3.295523e-01;5.091436e-02;-6.901853e-01
1094696306052348;-4.669415e-01;4.940153e-02;-9.651576e-01
1094696326052348;-5.659493e-01;4.281838e-02;-1.129982e+00
1094696346052348;-6.463373e-01;3.377549e-02;-1.241370e+00
1094696366052348;-7.267253e-01;2.473260e-02;-1.352759e+00
1094696386052348;-8.071132e-01;1.568971e-02;-1.464148e+00
1094696406052348;-8.875012e-01;6.646818e-03;-1.575536e+00
1094696426052348;-9.678891e-01;-2.396072e-03;-1.686925e+00
1094696446052348;-1.048277e+00;-1.143896e-02;-1.798313e+00
1094696466052348;-1.128665e+00;-2.048185e-02;-1.909702e+00
1094696486052348;-1.209053e+00;-2.952474e-02;-2.021091e+00
1094696506052348;-1.289441e+00;-3.856763e-02;-2.132479e+00
1094696526052348;-1.299685e+00;-3.506532e-02;-2.143569e+00
1094696546052348;-1.243483e+00;-1.967906e-02;-2.059648e+00
1094696566052348;-1.187281e+00;-4.292791e-03;-1.975726e+00
1094696586052348;-1.131078e+00;1.109347e-02;-1.891804e+00
1094696606052348;-1.074876e+00;2.647974e-02;-1.807883e+00
1094696626052348;-1.018674e+00;4.186601e-02;-1.723961e+00
1094696646052348;-9.624713e-01;5.725227e-02;-1.640039e+00
1094696666052348;-9.062690e-01;7.263854e-02;-1.556117e+00
1094696686052348;-8.500667e-01;8.802480e-02;-1.472196e+00
1094696706052348;-7.938644e-01;1.034111e-01;-1.388274e+00
1094696726052348;-7.487919e-01;1.139080e-01;-1.326222e+00
1094696746052348;-7.185187e-01;1.179036e-01;-1.293248e+00
1094696766052348;-6.882455e-01;1.218993e-01;-1.260275e+00
1094696786052348;-6.579722e-01;1.258949e-01;-1.227302e+00
1094696806052348;-6.276990e-01;1.298905e-01;-1.194329e+00
1094696826052348;-5.974257e-01;1.338862e-01;-1.161356e+00
1094696846052348;-5.671525e-01;1.378818e-01;-1.128383e+00
1094696866052348;-5.368793e-01;1.418775e-01;-1.095410e+00
1094696886052348;-5.066060e-01;1.458731e-01;-1.062437e+00
1094696906052348;-4.763328e-01;1.498687e-01;-1.029464e+00
1094696926052348;-4.360464e-01;1.457446e-01;-9.648698e-01
1094696946052348;-3.652730e-01;1.168980e-01;-8.039993e-01
1094696966052348;-2.944996e-01;8.805135e-02;-6.431287e-01
1094696986052348;-2.237262e-01;5.920475e-02;-4.822581e-01
1094697006052348;-1.529528e-01;3.035815e-02;-3.213875e-01
1094697026052348;-8.217941e-02;1.511549e-03;-1.605169e-01
1094697046052348;-1.140601e-02;-2.733505e-02;3.536423e-04
1094697066052348;5.936738e-02;-5.618165e-02;1.612242e-01
1094697086052348;1.301408e-01;-8.502825e-02;3.220948e-01
1094697106052348;2.009142e-01;-1.138749e-01;4.829654e-01
1094697126052348;2.736541e-01;-1.345808e-01;6.389387e-01
1094697146052348;3.575052e-01;-1.092899e-01;7.672408e-01
1094697166052348;4.413563e-01;-8.399897e-02;8.955430e-01
1094697186052348;5.252075e-01;-5.870805e-02;1.023845e+00
1094697206052348;6.090586e-01;-3.341713e-02;1.152147e+00
1094697226052348;6.929098e-01;-8.126211e-03;1.280450e+00
1094697246052348;7.767609e-01;1.716471e-02;1.408752e+00
1094697266052348;8.606120e-01;4.245563e-02;1.537054e+00
1094697286052348;9.444632e-01;6.774655e-02;1.665356e+00
1094697306052348;1.028314e+00;9.303747e-02;1.793658e+00
1094697326052348;1.112165e+00;1.183284e-01;1.921960e+00
1094697346052348;1.091080e+00;9.362365e-02;1.920873e+00
1094697366052348;1.066440e+00;6.722584e-02;1.915405e+00
1094697386052348;1.041800e+00;4.082802e-02;1.909936e+00
1094697406052348;1.017161e+00;1.443021e-02;1.904467e+00
1094697426052348;9.925212e-01;-1.196761e-02;1.898999e+00
1094697446052348;9.678816e-01;-3.836542e-02;1.893530e+00
1094697466052348;9.432420e-01;-6.476324e-02;1.888061e+00
1094697486052348;9.186025e-01;-9.116106e-02;1.882592e+00
1094697506052348;8.939629e-01;-1.175589e-01;1.877124e+00
1094697526052348;8.693233e-01;-1.439567e-01;1.871655e+00
1094697546052348;8.273208e-01;-1.179431e-01;1.790243e+00
1094697566052348;7.832111e-01;-8.556868e-02;1.699613e+00
1094697586052348;7.391014e-01;-5.319423e-02;1.608984e+00
1094697606052348;6.949917e-01;-2.081979e-02;1.518355e+00
1094697626052348;6.508820e-01;1.155465e-02;1.427726e+00
1094697646052348;6.067722e-01;4.392909e-02;1.337097e+00
1094697666052348;5.626625e-01;7.630354e-02;1.246468e+00
1094697686052348;5.185528e-01;1.086780e-01;1.155839e+00
1094697706052348;4.744431e-01;1.410524e-01;1.065209e+00
1094697726052348;4.303333e-01;1.734269e-01;9.745803e-01
1094697746052348;3.242211e-01;1.477122e-01;7.536964e-01
1094697766052348;1.976297e-01;1.028110e-01;4.897901e-01
1094697786052348;7.103836e-02;5.790981e-02;2.258838e-01
1094697806052348;-5.555300e-02;1.300863e-02;-3.802251e-02
1094697826052348;-1.821444e-01;-3.189255e-02;-3.019288e-01
1094697846052348;-3.087357e-01;-7.679374e-02;-5.658351e-01
1094697866052348;-4.353271e-01;-1.216949e-01;-8.297414e-01
1094697886052348;-5.619184e-01;-1.665961e-01;-1.093648e+00
1094697906052348;-6.885098e-01;-2.114973e-01;-1.357554e+00
1094697926052348;-8.151011e-01;-2.563985e-01;-1.621460e+00
1094697946052348;-8.822345e-01;-2.359933e-01;-1.711832e+00
1094697966052348;-9.168116e-01;-1.798295e-01;-1.707185e+00
1094697986052348;-9.513888e-01;-1.236658e-01;-1.702538e+00
1094698006052348;-9.859659e-01;-6.750200e-02;-1.697890e+00
1094698026052348;-1.020543e+00;-1.133824e-02;-1.693243e+00
1094698046052348;-1.055120e+00;4.482551e-02;-1.688596e+00
1094698066052348;-1.089697e+00;1.009893e-01;-1.683949e+00
1094698086052348;-1.124274e+00;1.571530e-01;-1.679301e+00
1094698106052348;-1.158851e+00;2.133168e-01;-1.674654e+00
1094698126052348;-1.193429e+00;2.694805e-01;-1.670007e+00
1094698146052348;-1.180559e+00;2.908672e-01;-1.643271e+00
1094698166052348;-1.119942e+00;2.772556e-01;-1.594305e+00
1094698186052348;-1.059325e+00;2.636439e-01;-1.545339e+00
1094698206052348;-9.987075e-01;2.500322e-01;-1.496374e+00
1094698226052348;-9.380901e-01;2.364205e-01;-1.447408e+00
1094698246052348;-8.774728e-01;2.228088e-01;-1.398442e+00
1094698266052348;-8.168554e-01;2.091972e-01;-1.349476e+00
1094698286052348;-7.562381e-01;1.955855e-01;-1.300511e+00
1094698306052348;-6.956208e-01;1.819738e-01;-1.251545e+00
1094698326052348;-6.350034e-01;1.683621e-01;-1.202579e+00
1094698346052348;-5.749666e-01;1.571012e-01;-1.137543e+00
1094698366052348;-5.157975e-01;1.493537e-01;-1.048489e+00
1094698386052348;-4.566284e-01;1.416062e-01;-9.594352e-01
1094698406052348;-3.974592e-01;1.338587e-01;-8.703812e-01
1094698426052348;-3.382901e-01;1.261113e-01;-7.813272e-01
1094698446052348;-2.791210e-01;1.183638e-01;-6.922732e-01
1094698466052348;-2.199518e-01;1.106163e-01;-6.032192e-01
1094698486052348;-1.607827e-01;1.028688e-01;-5.141652e-01
1094698506052348;-1.016136e-01;9.512134e-02;-4.251112e-01
1094698526052348;-4.244442e-02;8.737386e-02;-3.360572e-01
1094698546052348;2.990699e-02;7.250836e-02;-2.263164e-01
1094698566052348;1.464853e-01;3.376175e-02;-4.717072e-02
1094698586052348;2.630635e-01;-4.984856e-03;1.319750e-01
1094698606052348;3.796418e-01;-4.373147e-02;3.111207e-01
1094698626052348;4.962201e-01;-8.247808e-02;4.902664e-01
1094698646052348;6.127984e-01;-1.212247e-01;6.694120e-01
1094698666052348;7.293766e-01;-1.599713e-01;8.485577e-01
1094698686052348;8.459549e-01;-1.987179e-01;1.027703e+00
1094698706052348;9.625332e-01;-2.374645e-01;1.206849e+00
1094698726052348;1.079111e+00;-2.762111e-01;1.385995e+00
1094698746052348;1.179554e+00;-3.076195e-01;1.549954e+00
1094698766052348;1.162441e+00;-2.855678e-01;1.603274e+00
1094698786052348;1.145328e+00;-2.635160e-01;1.656595e+00
1094698806052348;1.128215e+00;-2.414643e-01;1.709916e+00
1094698826052348;1.111103e+00;-2.194126e-01;1.763236e+00
1094698846052348;1.093990e+00;-1.973608e-01;1.816557e+00
1094698866052348;1.076877e+00;-1.753091e-01;1.869878e+00
1094698886052348;1.059765e+00;-1.532574e-01;1.923199e+00
1094698906052348;1.042652e+00;-1.312056e-01;1.976519e+00
1094698926052348;1.025539e+00;-1.091539e-01;2.029840e+00
1094698946052348;1.008427e+00;-8.710217e-02;2.083161e+00
1094698966052348;9.995083e-01;-6.963734e-02;2.049670e+00
1094698986052348;9.909827e-01;-5.239233e-02;2.012019e+00
1094699006052348;9.824571e-01;-3.514731e-02;1.974368e+00
1094699026052348;9.739315e-01;-1.790230e-02;1.936717e+00
1094699046052348;9.654059e-01;-6.572798e-04;1.899067e+00
1094699066052348;9.568803e-01;1.658774e-02;1.861416e+00
1094699086052348;9.483547e-01;3.383275e-02;1.823765e+00
1094699106052348;9.398291e-01;5.107777e-02;1.786114e+00
1094699126052348;9.313035e-01;6.832279e-02;1.748463e+00
1094699146052348;9.227779e-01;8.556780e-02;1.710812e+00
1094699166052348;8.474823e-01;9.171292e-02;1.527019e+00
1094699186052348;7.618454e-01;9.613888e-02;1.320590e+00
1094699206052348;6.762084e-01;1.005648e-01;1.114162e+00
1094699226052348;5.905715e-01;1.049908e-01;9.077339e-01
1094699246052348;5.049346e-01;1.094168e-01;7.013056e-01
1094699266052348;4.192976e-01;1.138427e-01;4.948773e-01
1094699286052348;3.336607e-01;1.182687e-01;2.884491e-01
1094699306052348;2.480238e-01;1.226947e-01;8.202078e-02
1094699326052348;1.623869e-01;1.271206e-01;-1.244075e-01
1094699346052348;7.674993e-02;1.315466e-01;-3.308358e-01
1094699366052348;-8.203278e-03;1.364478e-01;-5.045050e-01
1094699386052348;-9.291039e-02;1.415201e-01;-6.663832e-01
1094699406052348;-1.776175e-01;1.465924e-01;-8.282615e-01
1094699426052348;-2.623246e-01;1.516646e-01;-9.901397e-01
1094699446052348;-3.470317e-01;1.567369e-01;-1.152018e+00
1094699466052348;-4.317388e-01;1.618092e-01;-1.313896e+00
1094699486052348;-5.164459e-01;1.668815e-01;-1.475774e+00
1094699506052348;-6.011530e-01;1.719537e-01;-1.637653e+00
1094699526052348;-6.858602e-01;1.770260e-01;-1.799531e+00
1094699546052348;-7.705673e-01;1.820983e-01;-1.961409e+00
1094699566052348;-8.204242e-01;1.632569e-01;-1.994379e+00
1094699586052348;-8.488348e-01;1.296993e-01;-1.948020e+00
1094699606052348;-8.772453e-01;9.614179e-02;-1.901662e+00
1094699626052348;-9.056559e-01;6.258424e-02;-1.855303e+00
1094699646052348;-9.340665e-01;2.902668e-02;-1.808945e+00
1094699666052348;-9.624771e-01;-4.530873e-03;-1.762586e+00
1094699686052348;-9.908877e-01;-3.808843e-02;-1.716227e+00
1094699706052348;-1.019298e+00;-7.164598e-02;-1.669869e+00
1094699726052348;-1.047709e+00;-1.052035e-01;-1.623510e+00
1094699746052348;-1.076119e+00;-1.387611e-01;-1.577152e+00
1094699766052348;-1.063599e+00;-1.578685e-01;-1.511961e+00
1094699786052348;-1.007327e+00;-1.615298e-01;-1.426640e+00
1094699806052348;-9.510547e-01;-1.651911e-01;-1.341319e+00
1094699826052348;-8.947825e-01;-1.688523e-01;-1.255999e+00
1094699846052348;-8.385102e-01;-1.725136e-01;-1.170678e+00
1094699866052348;-7.822379e-01;-1.761749e-01;-1.085357e+00
1094699886052348;-7.259656e-01;-1.798361e-01;-1.000036e+00
1094699906052348;-6.696933e-01;-1.834974e-01;-9.147157e-01
1094699926052348;-6.134211e-01;-1.871587e-01;-8.293949e-01
1094699946052348;-5.571488e-01;-1.908199e-01;-7.440741e-01
1094699966052348;-5.096821e-01;-1.839931e-01;-6.781829e-01
1094699986052348;-4.770480e-01;-1.594995e-01;-6.450198e-01
1094700006052348;-4.444140e-01;-1.350059e-01;-6.118566e-01
1094700026052348;-4.117799e-01;-1.105123e-01;-5.786935e-01
1094700046052348;-3.791458e-01;-8.601870e-02;-5.455304e-01
1094700066052348;-3.465118e-01;-6.152511e-02;-5.123672e-01
1094700086052348;-3.138777e-01;-3.703153e-02;-4.792041e-01
1094700106052348;-2.812436e-01;-1.253794e-02;-4.460410e-01
1094700126052348;-2.486096e-01;1.195565e-02;-4.128778e-01
1094700146052348;-2.159755e-01;3.644924e-02;-3.797147e-01
1094700166052348;-1.637432e-01;5.717222e-02;-3.212729e-01
1094700186052348;-3.868489e-02;6.388384e-02;-1.688974e-01
1094700206052348;8.637340e-02;7.059547e-02;-1.652182e-02
1094700226052348;2.114317e-01;7.730709e-02;1.358537e-01
1094700246052348;3.364900e-01;8.401872e-02;2.882293e-01
1094700266052348;4.615483e-01;9.073034e-02;4.406049e-01
1094700286052348;5.866066e-01;9.744197e-02;5.929804e-01
1094700306052348;7.116649e-01;1.041536e-01;7.453560e-01
1094700326052348;8.367232e-01;1.108652e-01;8.977316e-01
1094700346052348;9.617815e-01;1.175768e-01;1.050107e+00
1094700366052348;1.074745e+00;1.250684e-01;1.192339e+00
1094700386052348;1.067005e+00;1.403434e-01;1.233337e+00
1094700406052348;1.059265e+00;1.556184e-01;1.274335e+00
1094700426052348;1.051526e+00;1.708934e-01;1.315333e+00
1094700446052348;1.043786e+00;1.861684e-01;1.356332e+00
1094700466052348;1.036046e+00;2.014434e-01;1.397330e+00
1094700486052348;1.028306e+00;2.167184e-01;1.438328e+00
1094700506052348;1.020566e+00;2.319934e-01;1.479326e+00
1094700526052348;1.012827e+00;2.472684e-01;1.520324e+00
1094700546052348;1.005087e+00;2.625434e-01;1.561322e+00
1094700566052348;9.973470e-01;2.778184e-01;1.602320e+00
1094700586052348;9.696940e-01;2.295426e-01;1.595436e+00
1094700606052348;9.407998e-01;1.773056e-01;1.585567e+00
1094700626052348;9.119055e-01;1.250685e-01;1.575697e+00
1094700646052348;8.830113e-01;7.283146e-02;1.565828e+00
1094700666052348;8.541170e-01;2.059440e-02;1.555959e+00
1094700686052348;8.252228e-01;-3.164265e-02;1.546089e+00
1094700706052348;7.963285e-01;-8.387971e-02;1.536220e+00
1094700726052348;7.674343e-01;-1.361168e-01;1.526351e+00
1094700746052348;7.385401e-01;-1.883538e-01;1.516482e+00
1094700766052348;7.096458e-01;-2.405909e-01;1.506612e+00
1094700786052348;6.465983e-01;-2.239869e-01;1.401610e+00
1094700806052348;5.770441e-01;-1.942676e-01;1.278484e+00
1094700826052348;5.074898e-01;-1.645483e-01;1.155358e+00
1094700846052348;4.379355e-01;-1.348290e-01;1.032232e+00
1094700866052348;3.683813e-01;-1.051097e-01;9.091055e-01
1094700886052348;2.988270e-01;-7.539044e-02;7.859793e-01
1094700906052348;2.292727e-01;-4.567115e-02;6.628530e-01
1094700926052348;1.597185e-01;-1.595185e-02;5.397268e-01
1094700946052348;9.016421e-02;1.376745e-02;4.166006e-01
1094700966052348;2.060995e-02;4.348675e-02;2.934743e-01
1094700986052348;-6.201979e-02;3.598394e-03;1.257507e-01
1094701006052348;-1.497611e-01;-6.350143e-02;-5.940714e-02
1094701026052348;-2.375024e-01;-1.306013e-01;-2.445650e-01
1094701046052348;-3.252437e-01;-1.977011e-01;-4.297229e-01
1094701066052348;-4.129849e-01;-2.648009e-01;-6.148807e-01
1094701086052348;-5.007262e-01;-3.319007e-01;-8.000386e-01
1094701106052348;-5.884675e-01;-3.990006e-01;-9.851965e-01
1094701126052348;-6.762088e-01;-4.661004e-01;-1.170354e+00
1094701146052348;-7.639501e-01;-5.332002e-01;-1.355512e+00
1094701166052348;-8.516914e-01;-6.003001e-01;-1.540670e+00
1094701186052348;-8.986806e-01;-5.897592e-01;-1.616705e+00
1094701206052348;-9.175672e-01;-5.256774e-01;-1.617490e+00
1094701226052348;-9.364538e-01;-4.615956e-01;-1.618274e+00
1094701246052348;-9.553404e-01;-3.975139e-01;-1.619058e+00
1094701266052348;-9.742270e-01;-3.334321e-01;-1.619843e+00
1094701286052348;-9.931137e-01;-2.693503e-01;-1.620627e+00
1094701306052348;-1.012000e+00;-2.052685e-01;-1.621412e+00
1094701326052348;-1.030887e+00;-1.411868e-01;-1.622196e+00
1094701346052348;-1.049774e+00;-7.710500e-02;-1.622980e+00
1094701366052348;-1.068660e+00;-1.302323e-02;-1.623765e+00
1094701386052348;-1.053083e+00;3.465320e-02;-1.584356e+00
1094701406052348;-9.983681e-01;6.369993e-02;-1.499303e+00
1094701426052348;-9.436536e-01;9.274666e-02;-1.414251e+00
1094701446052348;-8.889391e-01;1.217934e-01;-1.329198e+00
1094701466052348;-8.342246e-01;1.508401e-01;-1.244146e+00
1094701486052348;-7.795101e-01;1.798868e-01;-1.159094e+00
1094701506052348;-7.247956e-01;2.089336e-01;-1.074041e+00
1094701526052348;-6.700811e-01;2.379803e-01;-9.889886e-01
1094701546052348;-6.153666e-01;2.670270e-01;-9.039362e-01
1094701566052348;-5.606520e-01;2.960737e-01;-8.188837e-01
1094701586052348;-5.040792e-01;3.059861e-01;-7.367932e-01
1094701606052348;-4.439658e-01;2.794443e-01;-6.603455e-01
1094701626052348;-3.838525e-01;2.529025e-01;-5.838977e-01
1094701646052348;-3.237391e-01;2.263606e-01;-5.074500e-01
1094701666052348;-2.636258e-01;1.998188e-01;-4.310023e-01
1094701686052348;-2.035124e-01;1.732770e-01;-3.545546e-01
1094701706052348;-1.433991e-01;1.467351e-01;-2.781069e-01
1094701726052348;-8.328573e-02;1.201933e-01;-2.016592e-01
1094701746052348;-2.317238e-02;9.365145e-02;-1.252115e-01
1094701766052348;3.694097e-02;6.710961e-02;-4.876377e-02
1094701786052348;1.004907e-01;4.557840e-02;4.014591e-02
1094701806052348;1.782698e-01;4.479470e-02;1.806569e-01
1094701826052348;2.560488e-01;4.401101e-02;3.211678e-01
1094701846052348;3.338278e-01;4.322731e-02;4.616788e-01
1094701866052348;4.116068e-01;4.244361e-02;6.021898e-01
1094701886052348;4.893858e-01;4.165992e-02;7.427007e-01
1094701906052348;5.671648e-01;4.087622e-02;8.832117e-01
1094701926052348;6.449438e-01;4.009252e-02;1.023723e+00
1094701946052348;7.227228e-01;3.930883e-02;1.164234e+00
1094701966052348;8.005018e-01;3.852513e-02;1.304745e+00
1094701986052348;8.737119e-01;3.556264e-02;1.438006e+00
1094702006052348;8.771843e-01;-6.561404e-04;1.460613e+00
1094702026052348;8.806566e-01;-3.687492e-02;1.483219e+00
1094702046052348;8.841290e-01;-7.309370e-02;1.505826e+00
1094702066052348;8.876014e-01;-1.093125e-01;1.528433e+00
1094702086052348;8.910738e-01;-1.455313e-01;1.551039e+00
1094702106052348;8.945461e-01;-1.817500e-01;1.573646e+00
1094702126052348;8.980185e-01;-2.179688e-01;1.596253e+00
1094702146052348;9.014909e-01;-2.541876e-01;1.618859e+00
1094702166052348;9.049633e-01;-2.904064e-01;1.641466e+00
1094702186052348;9.084356e-01;-3.266251e-01;1.664073e+00
1094702206052348;9.104449e-01;-3.305636e-01;1.675178e+00
1094702226052348;9.123413e-01;-3.320131e-01;1.685397e+00
1094702246052348;9.142377e-01;-3.334627e-01;1.695616e+00
1094702266052348;9.161341e-01;-3.349122e-01;1.705835e+00
1094702286052348;9.180306e-01;-3.363617e-01;1.716054e+00
1094702306052348;9.199270e-01;-3.378112e-01;1.726273e+00
1094702326052348;9.218234e-01;-3.392607e-01;1.736492e+00
1094702346052348;9.237198e-01;-3.407102e-01;1.746711e+00
1094702366052348;9.256163e-01;-3.421597e-01;1.756930e+00
1094702386052348;9.275127e-01;-3.436092e-01;1.767149e+00
1094702406052348;8.466200e-01;-3.057052e-01;1.603273e+00
1094702426052348;7.468181e-01;-2.588128e-01;1.399634e+00
1094702446052348;6.470162e-01;-2.119204e-01;1.195994e+00
1094702466052348;5.472142e-01;-1.650280e-01;9.923549e-01
1094702486052348;4.474123e-01;-1.181356e-01;7.887155e-01
1094702506052348;3.476104e-01;-7.124318e-02;5.850761e-01
1094702526052348;2.478085e-01;-2.435078e-02;3.814366e-01
1094702546052348;1.480065e-01;2.254163e-02;1.777972e-01
1094702566052348;4.820461e-02;6.943404e-02;-2.584223e-02
1094702586052348;-5.159732e-02;1.163264e-01;-2.294817e-01
1094702606052348;-1.644415e-01;1.353883e-01;-4.067395e-01
1094702626052348;-2.828074e-01;1.426672e-01;-5.728278e-01
1094702646052348;-4.011734e-01;1.499460e-01;-7.389161e-01
1094702666052348;-5.195394e-01;1.572249e-01;-9.050044e-01
1094702686052348;-6.379053e-01;1.645038e-01;-1.071093e+00
1094702706052348;-7.562713e-01;1.717826e-01;-1.237181e+00
1094702726052348;-8.746373e-01;1.790615e-01;-1.403269e+00
1094702746052348;-9.930032e-01;1.863404e-01;-1.569358e+00
1094702766052348;-1.111369e+00;1.936193e-01;-1.735446e+00
1094702786052348;-1.229735e+00;2.008981e-01;-1.901534e+00
1094702806052348;-1.281007e+00;2.059159e-01;-1.955509e+00
1094702826052348;-1.280548e+00;2.091903e-01;-1.923043e+00
1094702846052348;-1.280088e+00;2.124646e-01;-1.890577e+00
1094702866052348;-1.279629e+00;2.157390e-01;-1.858112e+00
1094702886052348;-1.279170e+00;2.190134e-01;-1.825646e+00
1094702906052348;-1.278711e+00;2.222878e-01;-1.793180e+00
1094702926052348;-1.278252e+00;2.255621e-01;-1.760714e+00
1094702946052348;-1.277792e+00;2.288365e-01;-1.728248e+00
1094702966052348;-1.277333e+00;2.321109e-01;-1.695782e+00
1094702986052348;-1.276874e+00;2.353853e-01;-1.663316e+00
1094703006052348;-1.242576e+00;2.317579e-01;-1.614672e+00
1094703026052348;-1.167444e+00;2.198025e-01;-1.546507e+00
1094703046052348;-1.092313e+00;2.078471e-01;-1.478342e+00
1094703066052348;-1.017182e+00;1.958917e-01;-1.410177e+00
1094703086052348;-9.420509e-01;1.839362e-01;-1.342011e+00
1094703106052348;-8.669197e-01;1.719808e-01;-1.273846e+00
1094703126052348;-7.917885e-01;1.600254e-01;-1.205681e+00
1094703146052348;-7.166573e-01;1.480699e-01;-1.137515e+00
1094703166052348;-6.415261e-01;1.361145e-01;-1.069350e+00
1094703186052348;-5.663950e-01;1.241591e-01;-1.001185e+00
1094703206052348;-5.013738e-01;1.121243e-01;-9.254746e-01
1094703226052348;-4.582471e-01;9.991776e-02;-8.334253e-01
1094703246052348;-4.151204e-01;8.771119e-02;-7.413760e-01
1094703266052348;-3.719938e-01;7.550462e-02;-6.493267e-01
1094703286052348;-3.288671e-01;6.329805e-02;-5.572773e-01
1094703306052348;-2.857404e-01;5.109148e-02;-4.652280e-01
1094703326052348;-2.426138e-01;3.888491e-02;-3.731787e-01
1094703346052348;-1.994871e-01;2.667835e-02;-2.811294e-01
1094703366052348;-1.563604e-01;1.447178e-02;-1.890800e-01
1094703386052348;-1.132338e-01;2.265207e-03;-9.703072e-02
1094703406052348;-5.749371e-02;-1.041321e-02;9.295586e-03
1094703426052348;5.689821e-02;-2.528572e-02;1.820094e-01
1094703446052348;1.712901e-01;-4.015824e-02;3.547232e-01
1094703466052348;2.856820e-01;-5.503075e-02;5.274370e-01
1094703486052348;4.000740e-01;-6.990326e-02;7.001508e-01
1094703506052348;5.144659e-01;-8.477577e-02;8.728646e-01
1094703526052348;6.288578e-01;-9.964828e-02;1.045578e+00
1094703546052348;7.432497e-01;-1.145208e-01;1.218292e+00
1094703566052348;8.576416e-01;-1.293933e-01;1.391006e+00
1094703586052348;9.720335e-01;-1.442658e-01;1.563720e+00
1094703606052348;1.082818e+00;-1.590135e-01;1.730857e+00
1094703626052348;1.083965e+00;-1.699671e-01;1.728526e+00
1094703646052348;1.085112e+00;-1.809207e-01;1.726195e+00
1094703666052348;1.086259e+00;-1.918744e-01;1.723864e+00
1094703686052348;1.087407e+00;-2.028280e-01;1.721534e+00
1094703706052348;1.088554e+00;-2.137816e-01;1.719203e+00
1094703726052348;1.089701e+00;-2.247353e-01;1.716872e+00
1094703746052348;1.090848e+00;-2.356889e-01;1.714541e+00
1094703766052348;1.091996e+00;-2.466425e-01;1.712210e+00
1094703786052348;1.093143e+00;-2.575961e-01;1.709880e+00
1094703806052348;1.094290e+00;-2.685498e-01;1.707549e+00
1094703826052348;1.053434e+00;-2.465692e-01;1.638081e+00
1094703846052348;1.008702e+00;-2.215490e-01;1.562417e+00
1094703866052348;9.639696e-01;-1.965288e-01;1.486754e+00
1094703886052348;9.192372e-01;-1.715086e-01;1.411090e+00
1094703906052348;8.745048e-01;-1.464883e-01;1.335426e+00
1094703926052348;8.297725e-01;-1.214681e-01;1.259762e+00
1094703946052348;7.850401e-01;-9.644793e-02;1.184098e+00
1094703966052348;7.403078e-01;-7.142772e-02;1.108434e+00
1094703986052348;6.955754e-01;-4.640752e-02;1.032770e+00
1094704006052348;6.508430e-01;-2.138731e-02;9.571066e-01
1094704026052348;5.588545e-01;-2.231350e-02;7.975104e-01
1094704046052348;4.541694e-01;-3.021085e-02;6.153636e-01
1094704066052348;3.494843e-01;-3.810819e-02;4.332168e-01
1094704086052348;2.447992e-01;-4.600553e-02;2.510700e-01
1094704106052348;1.401140e-01;-5.390287e-02;6.892326e-02
1094704126052348;3.542893e-02;-6.180021e-02;-1.132235e-01
1094704146052348;-6.925618e-02;-6.969756e-02;-2.953703e-01
1094704166052348;-1.739413e-01;-7.759490e-02;-4.775171e-01
1094704186052348;-2.786264e-01;-8.549224e-02;-6.596638e-01
1094704206052348;-3.833115e-01;-9.338958e-02;-8.418106e-01
1094704226052348;-4.536969e-01;-6.351775e-02;-9.328916e-01
1094704246052348;-5.083987e-01;-1.637596e-02;-9.823326e-01
1094704266052348;-5.631005e-01;3.076583e-02;-1.031774e+00
1094704286052348;-6.178023e-01;7.790762e-02;-1.081215e+00
1094704306052348;-6.725042e-01;1.250494e-01;-1.130656e+00
1094704326052348;-7.272060e-01;1.721912e-01;-1.180097e+00
1094704346052348;-7.819078e-01;2.193330e-01;-1.229538e+00
1094704366052348;-8.366096e-01;2.664748e-01;-1.278979e+00
1094704386052348;-8.913114e-01;3.136166e-01;-1.328420e+00
1094704406052348;-9.460132e-01;3.607584e-01;-1.377861e+00
1094704426052348;-9.559161e-01;3.723469e-01;-1.403043e+00
1094704446052348;-9.272703e-01;3.533424e-01;-1.407349e+00
1094704466052348;-8.986245e-01;3.343380e-01;-1.411656e+00
1094704486052348;-8.699787e-01;3.153335e-01;-1.415963e+00
1094704506052348;-8.413329e-01;2.963291e-01;-1.420269e+00
1094704526052348;-8.126871e-01;2.773246e-01;-1.424576e+00
1094704546052348;-7.840413e-01;2.583202e-01;-1.428882e+00
1094704566052348;-7.553955e-01;2.393157e-01;-1.433189e+00
1094704586052348;-7.267497e-01;2.203112e-01;-1.437495e+00
1094704606052348;-6.981039e-01;2.013068e-01;-1.441802e+00
1094704626052348;-6.635156e-01;1.966813e-01;-1.423384e+00
1094704646052348;-6.213050e-01;2.104987e-01;-1.375817e+00
1094704666052348;-5.790945e-01;2.243161e-01;-1.328250e+00
1094704686052348;-5.368840e-01;2.381335e-01;-1.280684e+00
1094704706052348;-4.946735e-01;2.519509e-01;-1.233117e+00
1094704726052348;-4.524630e-01;2.657683e-01;-1.185551e+00
1094704746052348;-4.102525e-01;2.795857e-01;-1.137984e+00
1094704766052348;-3.680420e-01;2.934031e-01;-1.090417e+00
1094704786052348;-3.258315e-01;3.072205e-01;-1.042851e+00
1094704806052348;-2.836210e-01;3.210379e-01;-9.952843e-01
1094704826052348;-2.409709e-01;3.146611e-01;-9.141973e-01
1094704846052348;-1.972313e-01;2.582436e-01;-7.500473e-01
1094704866052348;-1.534918e-01;2.018261e-01;-5.858974e-01
1094704886052348;-1.097522e-01;1.454086e-01;-4.217474e-01
1094704906052348;-6.601269e-02;8.899115e-02;-2.575975e-01
1094704926052348;-2.227314e-02;3.257365e-02;-9.344755e-02
1094704946052348;2.146640e-02;-2.384385e-02;7.070239e-02
1094704966052348;6.520594e-02;-8.026135e-02;2.348523e-01
1094704986052348;1.089455e-01;-1.366788e-01;3.990023e-01
1094705006052348;1.526850e-01;-1.930963e-01;5.631522e-01
1094705026052348;2.077268e-01;-2.393623e-01;7.167965e-01
1094705046052348;3.223675e-01;-2.320973e-01;8.150428e-01
1094705066052348;4.370081e-01;-2.248322e-01;9.132891e-01
1094705086052348;5.516488e-01;-2.175672e-01;1.011535e+00
1094705106052348;6.662894e-01;-2.103022e-01;1.109782e+00
1094705126052348;7.809301e-01;-2.030371e-01;1.208028e+00
1094705146052348;8.955708e-01;-1.957721e-01;1.306274e+00
1094705166052348;1.010211e+00;-1.885071e-01;1.404521e+00
1094705186052348;1.124852e+00;-1.812420e-01;1.502767e+00
1094705206052348;1.239493e+00;-1.739770e-01;1.601013e+00
1094705226052348;1.353797e+00;-1.667301e-01;1.698987e+00
1094705246052348;1.314869e+00;-1.677220e-01;1.673015e+00
1094705266052348;1.275942e+00;-1.687140e-01;1.647043e+00
1094705286052348;1.237014e+00;-1.697059e-01;1.621071e+00
1094705306052348;1.198087e+00;-1.706978e-01;1.595099e+00
1094705326052348;1.159159e+00;-1.716898e-01;1.569128e+00
1094705346052348;1.120232e+00;-1.726817e-01;1.543156e+00
1094705366052348;1.081304e+00;-1.736736e-01;1.517184e+00
1094705386052348;1.042377e+00;-1.746656e-01;1.491212e+00
1094705406052348;1.003450e+00;-1.756575e-01;1.465240e+00
1094705426052348;9.645221e-01;-1.766495e-01;1.439268e+00
1094705446052348;9.483110e-01;-1.725159e-01;1.420665e+00
1094705466052348;9.345518e-01;-1.678291e-01;1.402858e+00
1094705486052348;9.207926e-01;-1.631423e-01;1.385051e+00
1094705506052348;9.070335e-01;-1.584555e-01;1.367243e+00
1094705526052348;8.932743e-01;-1.537687e-01;1.349436e+00
1094705546052348;8.795151e-01;-1.490819e-01;1.331629e+00
1094705566052348;8.657559e-01;-1.443951e-01;1.313821e+00
1094705586052348;8.519967e-01;-1.397083e-01;1.296014e+00
1094705606052348;8.382375e-01;-1.350215e-01;1.278206e+00
1094705626052348;8.244783e-01;-1.303347e-01;1.260399e+00
1094705646052348;7.048197e-01;-1.250772e-01;1.084233e+00
1094705666052348;5.521466e-01;-1.196419e-01;8.586972e-01
1094705686052348;3.994735e-01;-1.142066e-01;6.331618e-01
1094705706052348;2.468003e-01;-1.087713e-01;4.076264e-01
1094705726052348;9.412723e-02;-1.033360e-01;1.820909e-01
1094705746052348;-5.854589e-02;-9.790066e-02;-4.344450e-02
1094705766052348;-2.112190e-01;-9.246534e-02;-2.689799e-01
1094705786052348;-3.638921e-01;-8.703002e-02;-4.945154e-01
1094705806052348;-5.165652e-01;-8.159470e-02;-7.200508e-01
1094705826052348;-6.692384e-01;-7.615939e-02;-9.455862e-01
1094705846052348;-7.521095e-01;-6.070261e-02;-1.068694e+00
1094705866052348;-8.005840e-01;-4.030750e-02;-1.141327e+00
1094705886052348;-8.490584e-01;-1.991240e-02;-1.213961e+00
1094705906052348;-8.975329e-01;4.827093e-04;-1.286594e+00
1094705926052348;-9.460073e-01;2.087781e-02;-1.359228e+00
1094705946052348;-9.944818e-01;4.127292e-02;-1.431861e+00
1094705966052348;-1.042956e+00;6.166803e-02;-1.504495e+00
1094705986052348;-1.091431e+00;8.206313e-02;-1.577129e+00
1094706006052348;-1.139905e+00;1.024582e-01;-1.649762e+00
1094706026052348;-1.188380e+00;1.228533e-01;-1.722396e+00
1094706046052348;-1.196930e+00;1.339651e-01;-1.737157e+00
1094706066052348;-1.167171e+00;1.361694e-01;-1.696390e+00
1094706086052348;-1.137413e+00;1.383737e-01;-1.655622e+00
1094706106052348;-1.107655e+00;1.405780e-01;-1.614855e+00
1094706126052348;-1.077897e+00;1.427823e-01;-1.574087e+00
1094706146052348;-1.048139e+00;1.449866e-01;-1.533320e+00
1094706166052348;-1.018381e+00;1.471909e-01;-1.492552e+00
1094706186052348;-9.886227e-01;1.493952e-01;-1.451785e+00
1094706206052348;-9.588646e-01;1.515995e-01;-1.411017e+00
1094706226052348;-9.291065e-01;1.538038e-01;-1.370250e+00
1094706246052348;-8.899342e-01;1.588741e-01;-1.325015e+00
1094706266052348;-8.379221e-01;1.678533e-01;-1.273688e+00
1094706286052348;-7.859099e-01;1.768325e-01;-1.222361e+00
1094706306052348;-7.338978e-01;1.858117e-01;-1.171034e+00
1094706326052348;-6.818856e-01;1.947910e-01;-1.119707e+00
1094706346052348;-6.298735e-01;2.037702e-01;-1.068380e+00
1094706366052348;-5.778613e-01;2.127494e-01;-1.017053e+00
1094706386052348;-5.258492e-01;2.217286e-01;-9.657260e-01
1094706406052348;-4.738370e-01;2.307078e-01;-9.143989e-01
1094706426052348;-4.218249e-01;2.396871e-01;-8.630719e-01
1094706446052348;-3.766433e-01;2.396686e-01;-8.114084e-01
1094706466052348;-3.509826e-01;2.139355e-01;-7.587829e-01
1094706486052348;-3.253220e-01;1.882024e-01;-7.061575e-01
1094706506052348;-2.996614e-01;1.624693e-01;-6.535321e-01
1094706526052348;-2.740008e-01;1.367363e-01;-6.009067e-01
1094706546052348;-2.483401e-01;1.110032e-01;-5.482813e-01
1094706566052348;-2.226795e-01;8.527011e-02;-4.956559e-01
1094706586052348;-1.970189e-01;5.953703e-02;-4.430304e-01
1094706606052348;-1.713583e-01;3.380396e-02;-3.904050e-01
1094706626052348;-1.456976e-01;8.070879e-03;-3.377796e-01
1094706646052348;-1.072002e-01;-1.309822e-02;-2.635156e-01
1094706666052348;8.950118e-03;-6.658779e-03;-5.835433e-02
1094706686052348;1.251004e-01;-2.193335e-04;1.468069e-01
1094706706052348;2.412507e-01;6.220112e-03;3.519681e-01
1094706726052348;3.574010e-01;1.265956e-02;5.571294e-01
1094706746052348;4.735514e-01;1.909900e-02;7.622906e-01
1094706766052348;5.897017e-01;2.553845e-02;9.674518e-01
1094706786052348;7.058520e-01;3.197789e-02;1.172613e+00
1094706806052348;8.220023e-01;3.841734e-02;1.377774e+00
1094706826052348;9.381526e-01;4.485678e-02;1.582936e+00
1094706846052348;1.054303e+00;5.129623e-02;1.788097e+00
1094706866052348;1.034665e+00;2.844658e-02;1.722693e+00
1094706886052348;1.011195e+00;4.770305e-03;1.649652e+00
1094706906052348;9.877243e-01;-1.890596e-02;1.576612e+00
1094706926052348;9.642540e-01;-4.258223e-02;1.503572e+00
1094706946052348;9.407837e-01;-6.625850e-02;1.430532e+00
1094706966052348;9.173134e-01;-8.993477e-02;1.357491e+00
1094706986052348;8.938431e-01;-1.136110e-01;1.284451e+00
1094707006052348;8.703728e-01;-1.372873e-01;1.211411e+00
1094707026052348;8.469025e-01;-1.609636e-01;1.138371e+00
1094707046052348;8.234322e-01;-1.846399e-01;1.065330e+00
1094707066052348;8.387617e-01;-1.791815e-01;1.091824e+00
1094707086052348;8.589048e-01;-1.701087e-01;1.130667e+00
1094707106052348;8.790479e-01;-1.610359e-01;1.169509e+00
1094707126052348;8.991910e-01;-1.519630e-01;1.208352e+00
1094707146052348;9.193341e-01;-1.428902e-01;1.247194e+00
1094707166052348;9.394772e-01;-1.338173e-01;1.286036e+00
1094707186052348;9.596203e-01;-1.247445e-01;1.324879e+00
1094707206052348;9.797634e-01;-1.156717e-01;1.363721e+00
1094707226052348;9.999065e-01;-1.065988e-01;1.402563e+00
1094707246052348;1.020050e+00;-9.752598e-02;1.441406e+00
1094707266052348;9.567941e-01;-7.028377e-02;1.377877e+00
1094707286052348;8.636880e-01;-3.653826e-02;1.277707e+00
1094707306052348;7.705820e-01;-2.792742e-03;1.177536e+00
1094707326052348;6.774759e-01;3.095277e-02;1.077366e+00
1094707346052348;5.843698e-01;6.469829e-02;9.771958e-01
1094707366052348;4.912637e-01;9.844380e-02;8.770255e-01
1094707386052348;3.981576e-01;1.321893e-01;7.768552e-01
1094707406052348;3.050515e-01;1.659348e-01;6.766849e-01
1094707426052348;2.119455e-01;1.996803e-01;5.765146e-01
1094707446052348;1.188394e-01;2.334259e-01;4.763443e-01
1094707466052348;-3.364332e-03;2.159356e-01;2.751713e-01
1094707486052348;-1.409930e-01;1.712847e-01;2.045552e-02
1094707506052348;-2.786217e-01;1.266337e-01;-2.342603e-01
1094707526052348;-4.162504e-01;8.198280e-02;-4.889760e-01
1094707546052348;-5.538791e-01;3.733186e-02;-7.436918e-01
1094707566052348;-6.915078e-01;-7.319079e-03;-9.984076e-01
1094707586052348;-8.291365e-01;-5.197002e-02;-1.253123e+00
1094707606052348;-9.667652e-01;-9.662096e-02;-1.507839e+00
1094707626052348;-1.104394e+00;-1.412719e-01;-1.762555e+00
1094707646052348;-1.242023e+00;-1.859228e-01;-2.017271e+00
1094707666052348;-1.297545e+00;-1.892080e-01;-2.110580e+00
1094707686052348;-1.265241e+00;-1.482459e-01;-2.031238e+00
1094707706052348;-1.232937e+00;-1.072838e-01;-1.951897e+00
1094707726052348;-1.200633e+00;-6.632167e-02;-1.872556e+00
1094707746052348;-1.168329e+00;-2.535956e-02;-1.793214e+00
1094707766052348;-1.136024e+00;1.560254e-02;-1.713873e+00
1094707786052348;-1.103720e+00;5.656464e-02;-1.634532e+00
1094707806052348;-1.071416e+00;9.752674e-02;-1.555191e+00
1094707826052348;-1.039112e+00;1.384888e-01;-1.475849e+00
1094707846052348;-1.006808e+00;1.794509e-01;-1.396508e+00
1094707866052348;-9.713988e-01;2.043911e-01;-1.340163e+00
1094707886052348;-9.314832e-01;2.060838e-01;-1.317186e+00
1094707906052348;-8.915676e-01;2.077764e-01;-1.294209e+00
1094707926052348;-8.516520e-01;2.094691e-01;-1.271232e+00
1094707946052348;-8.117364e-01;2.111618e-01;-1.248256e+00
1094707966052348;-7.718208e-01;2.128544e-01;-1.225279e+00
1094707986052348;-7.319052e-01;2.145471e-01;-1.202302e+00
1094708006052348;-6.919897e-01;2.162397e-01;-1.179325e+00
1094708026052348;-6.520741e-01;2.179324e-01;-1.156348e+00
1094708046052348;-6.121585e-01;2.196251e-01;-1.133371e+00
1094708066052348;-5.619655e-01;2.166313e-01;-1.083762e+00
1094708086052348;-4.775393e-01;1.980270e-01;-9.454452e-01
1094708106052348;-3.931130e-01;1.794228e-01;-8.071283e-01
1094708126052348;-3.086867e-01;1.608185e-01;-6.688113e-01
1094708146052348;-2.242605e-01;1.422143e-01;-5.304944e-01
1094708166052348;-1.398342e-01;1.236100e-01;-3.921774e-01
1094708186052348;-5.540794e-02;1.050058e-01;-2.538605e-01
1094708206052348;2.901832e-02;8.640154e-02;-1.155435e-01
1094708226052348;1.134446e-01;6.779729e-02;2.277346e-02
1094708246052348;1.978709e-01;4.919304e-02;1.610904e-01
1094708266052348;2.794798e-01;2.927752e-02;3.002122e-01
1094708286052348;3.412539e-01;1.303862e-04;4.449999e-01
1094708306052348;4.030281e-01;-2.901675e-02;5.897876e-01
1094708326052348;4.648023e-01;-5.816389e-02;7.345753e-01
1094708346052348;5.265764e-01;-8.731103e-02;8.793630e-01
1094708366052348;5.883506e-01;-1.164582e-01;1.024151e+00
1094708386052348;6.501248e-01;-1.456053e-01;1.168938e+00
1094708406052348;7.118989e-01;-1.747524e-01;1.313726e+00
1094708426052348;7.736731e-01;-2.038996e-01;1.458514e+00
1094708446052348;8.354473e-01;-2.330467e-01;1.603302e+00
1094708466052348;8.972214e-01;-2.621939e-01;1.748089e+00
1094708486052348;8.846741e-01;-2.661559e-01;1.712222e+00
1094708506052348;8.676339e-01;-2.685954e-01;1.665435e+00
1094708526052348;8.505937e-01;-2.710349e-01;1.618647e+00
1094708546052348;8.335536e-01;-2.734744e-01;1.571859e+00
1094708566052348;8.165134e-01;-2.759139e-01;1.525072e+00
1094708586052348;7.994732e-01;-2.783534e-01;1.478284e+00
1094708606052348;7.824330e-01;-2.807929e-01;1.431496e+00
1094708626052348;7.653928e-01;-2.832325e-01;1.384709e+00
1094708646052348;7.483527e-01;-2.856720e-01;1.337921e+00
1094708666052348;7.313125e-01;-2.881115e-01;1.291133e+00
1094708686052348;7.495259e-01;-2.782763e-01;1.287937e+00
1094708706052348;7.726958e-01;-2.667154e-01;1.290869e+00
1094708726052348;7.958657e-01;-2.551545e-01;1.293801e+00
1094708746052348;8.190357e-01;-2.435936e-01;1.296734e+00
1094708766052348;8.422056e-01;-2.320326e-01;1.299666e+00
1094708786052348;8.653755e-01;-2.204717e-01;1.302598e+00
1094708806052348;8.885454e-01;-2.089108e-01;1.305530e+00
1094708826052348;9.117154e-01;-1.973498e-01;1.308463e+00
1094708846052348;9.348853e-01;-1.857889e-01;1.311395e+00
1094708866052348;9.580552e-01;-1.742280e-01;1.314327e+00
1094708886052348;8.613729e-01;-1.622639e-01;1.146447e+00
1094708906052348;7.158701e-01;-1.501357e-01;9.089873e-01
1094708926052348;5.703672e-01;-1.380074e-01;6.715279e-01
1094708946052348;4.248644e-01;-1.258791e-01;4.340686e-01
1094708966052348;2.793616e-01;-1.137508e-01;1.966092e-01
1094708986052348;1.338587e-01;-1.016226e-01;-4.085015e-02
1094709006052348;-1.164408e-02;-8.949430e-02;-2.783095e-01
1094709026052348;-1.571469e-01;-7.736603e-02;-5.157689e-01
1094709046052348;-3.026497e-01;-6.523776e-02;-7.532282e-01
1094709066052348;-4.481526e-01;-5.310948e-02;-9.906876e-01
1094709086052348;-5.250926e-01;-2.964788e-02;-1.095251e+00
1094709106052348;-5.629881e-01;2.677411e-04;-1.124135e+00
1094709126052348;-6.008837e-01;3.018336e-02;-1.153019e+00
1094709146052348;-6.387792e-01;6.009898e-02;-1.181902e+00
1094709166052348;-6.766747e-01;9.001459e-02;-1.210786e+00
1094709186052348;-7.145702e-01;1.199302e-01;-1.239669e+00
1094709206052348;-7.524657e-01;1.498458e-01;-1.268553e+00
1094709226052348;-7.903613e-01;1.797614e-01;-1.297437e+00
1094709246052348;-8.282568e-01;2.096771e-01;-1.326320e+00
1094709266052348;-8.661523e-01;2.395927e-01;-1.355204e+00
1094709286052348;-8.891165e-01;2.524030e-01;-1.375114e+00
1094709306052348;-8.942642e-01;2.448029e-01;-1.384317e+00
1094709326052348;-8.994119e-01;2.372028e-01;-1.393519e+00
1094709346052348;-9.045596e-01;2.296026e-01;-1.402722e+00
1094709366052348;-9.097073e-01;2.220025e-01;-1.411925e+00
1094709386052348;-9.148549e-01;2.144023e-01;-1.421128e+00
1094709406052348;-9.200026e-01;2.068022e-01;-1.430330e+00
1094709426052348;-9.251503e-01;1.992021e-01;-1.439533e+00
1094709446052348;-9.302980e-01;1.916019e-01;-1.448736e+00
1094709466052348;-9.354457e-01;1.840018e-01;-1.457938e+00
1094709486052348;-9.146864e-01;1.857053e-01;-1.439075e+00
1094709506052348;-8.539019e-01;2.017827e-01;-1.376852e+00
1094709526052348;-7.931174e-01;2.178600e-01;-1.314629e+00
1094709546052348;-7.323329e-01;2.339373e-01;-1.252406e+00
1094709566052348;-6.715483e-01;2.500147e-01;-1.190183e+00
1094709586052348;-6.107638e-01;2.660920e-01;-1.127959e+00
1094709606052348;-5.499793e-01;2.821693e-01;-1.065736e+00
1094709626052348;-4.891947e-01;2.982467e-01;-1.003513e+00
1094709646052348;-4.284102e-01;3.143240e-01;-9.412897e-01
1094709666052348;-3.676257e-01;3.304013e-01;-8.790665e-01
1094709686052348;-3.049167e-01;3.338409e-01;-8.046108e-01
1094709706052348;-2.346317e-01;2.875287e-01;-6.819992e-01
1094709726052348;-1.643466e-01;2.412166e-01;-5.593876e-01
1094709746052348;-9.406161e-02;1.949045e-01;-4.367761e-01
1094709766052348;-2.377658e-02;1.485923e-01;-3.141645e-01
1094709786052348;4.650846e-02;1.022802e-01;-1.915530e-01
1094709806052348;1.167935e-01;5.596809e-02;-6.894140e-02
1094709826052348;1.870785e-01;9.655960e-03;5.367016e-02
1094709846052348;2.573636e-01;-3.665617e-02;1.762817e-01
1094709866052348;3.276486e-01;-8.296829e-02;2.988933e-01
1094709886052348;3.958979e-01;-1.271118e-01;4.250789e-01
1094709906052348;4.471236e-01;-1.531202e-01;5.811530e-01
1094709926052348;4.983493e-01;-1.791285e-01;7.372271e-01
1094709946052348;5.495749e-01;-2.051368e-01;8.933012e-01
1094709966052348;6.008006e-01;-2.311452e-01;1.049375e+00
1094709986052348;6.520263e-01;-2.571535e-01;1.205449e+00
1094710006052348;7.032519e-01;-2.831619e-01;1.361524e+00
1094710026052348;7.544776e-01;-3.091702e-01;1.517598e+00
1094710046052348;8.057033e-01;-3.351786e-01;1.673672e+00
1094710066052348;8.569289e-01;-3.611869e-01;1.829746e+00
1094710086052348;9.081546e-01;-3.871953e-01;1.985820e+00
1094710106052348;9.174127e-01;-3.807106e-01;1.971242e+00
1094710126052348;9.226888e-01;-3.711429e-01;1.940472e+00
1094710146052348;9.279650e-01;-3.615753e-01;1.909702e+00
1094710166052348;9.332412e-01;-3.520077e-01;1.878933e+00
1094710186052348;9.385174e-01;-3.424400e-01;1.848163e+00
1094710206052348;9.437936e-01;-3.328724e-01;1.817393e+00
1094710226052348;9.490697e-01;-3.233048e-01;1.786624e+00
1094710246052348;9.543459e-01;-3.137371e-01;1.755854e+00
1094710266052348;9.596221e-01;-3.041695e-01;1.725084e+00
1094710286052348;9.648983e-01;-2.946019e-01;1.694315e+00
1094710306052348;9.489433e-01;-2.712653e-01;1.612545e+00
1094710326052348;9.296418e-01;-2.457585e-01;1.522735e+00
1094710346052348;9.103403e-01;-2.202516e-01;1.432926e+00
1094710366052348;8.910388e-01;-1.947448e-01;1.343117e+00
1094710386052348;8.717373e-01;-1.692379e-01;1.253308e+00
1094710406052348;8.524358e-01;-1.437310e-01;1.163499e+00
1094710426052348;8.331343e-01;-1.182242e-01;1.073690e+00
1094710446052348;8.138328e-01;-9.271731e-02;9.838806e-01
1094710466052348;7.945313e-01;-6.721045e-02;8.940714e-01
1094710486052348;7.752298e-01;-4.170359e-02;8.042623e-01
1094710506052348;6.628458e-01;-6.208758e-02;6.275647e-01
1094710526052348;5.114476e-01;-1.017060e-01;4.144490e-01
1094710546052348;3.600494e-01;-1.413245e-01;2.013334e-01
1094710566052348;2.086512e-01;-1.809429e-01;-1.178230e-02
1094710586052348;5.725305e-02;-2.205613e-01;-2.248980e-01
1094710606052348;-9.414513e-02;-2.601798e-01;-4.380136e-01
1094710626052348;-2.455433e-01;-2.997982e-01;-6.511293e-01
1094710646052348;-3.969415e-01;-3.394167e-01;-8.642449e-01
1094710666052348;-5.483397e-01;-3.790351e-01;-1.077361e+00
1094710686052348;-6.997378e-01;-4.186535e-01;-1.290476e+00
1094710706052348;-7.669493e-01;-3.970791e-01;-1.380552e+00
1094710726052348;-7.827433e-01;-3.381308e-01;-1.395482e+00
1094710746052348;-7.985374e-01;-2.791825e-01;-1.410411e+00
1094710766052348;-8.143314e-01;-2.202343e-01;-1.425340e+00
1094710786052348;-8.301254e-01;-1.612860e-01;-1.440269e+00
1094710806052348;-8.459194e-01;-1.023377e-01;-1.455199e+00
1094710826052348;-8.617134e-01;-4.338937e-02;-1.470128e+00
1094710846052348;-8.775074e-01;1.555892e-02;-1.485057e+00
1094710866052348;-8.933014e-01;7.450721e-02;-1.499986e+00
1094710886052348;-9.090954e-01;1.334555e-01;-1.514916e+00
1094710906052348;-9.220643e-01;1.703044e-01;-1.518615e+00
1094710926052348;-9.315630e-01;1.800094e-01;-1.508522e+00
1094710946052348;-9.410618e-01;1.897144e-01;-1.498429e+00
1094710966052348;-9.505606e-01;1.994194e-01;-1.488336e+00
1094710986052348;-9.600594e-01;2.091244e-01;-1.478243e+00
1094711006052348;-9.695581e-01;2.188294e-01;-1.468149e+00
1094711026052348;-9.790569e-01;2.285344e-01;-1.458056e+00
1094711046052348;-9.885557e-01;2.382394e-01;-1.447963e+00
1094711066052348;-9.980545e-01;2.479444e-01;-1.437870e+00
1094711086052348;-1.007553e+00;2.576494e-01;-1.427777e+00
1094711106052348;-9.905469e-01;2.597065e-01;-1.388857e+00
1094711126052348;-9.298969e-01;2.491707e-01;-1.302473e+00
1094711146052348;-8.692469e-01;2.386348e-01;-1.216089e+00
1094711166052348;-8.085969e-01;2.280990e-01;-1.129705e+00
1094711186052348;-7.479469e-01;2.175632e-01;-1.043321e+00
1094711206052348;-6.872969e-01;2.070273e-01;-9.569363e-01
1094711226052348;-6.266469e-01;1.964915e-01;-8.705521e-01
1094711246052348;-5.659969e-01;1.859557e-01;-7.841679e-01
1094711266052348;-5.053469e-01;1.754198e-01;-6.977837e-01
1094711286052348;-4.446969e-01;1.648840e-01;-6.113995e-01
1094711306052348;-3.750891e-01;1.511850e-01;-5.121491e-01
1094711326052348;-2.660208e-01;1.235514e-01;-3.562213e-01
1094711346052348;-1.569525e-01;9.591787e-02;-2.002935e-01
1094711366052348;-4.788421e-02;6.828432e-02;-4.436565e-02
1094711386052348;6.118409e-02;4.065078e-02;1.115622e-01
1094711406052348;1.702524e-01;1.301724e-02;2.674900e-01
1094711426052348;2.793207e-01;-1.461630e-02;4.234178e-01
1094711446052348;3.883890e-01;-4.224984e-02;5.793456e-01
1094711466052348;4.974573e-01;-6.988339e-02;7.352734e-01
1094711486052348;6.065256e-01;-9.751693e-02;8.912012e-01
1094711506052348;7.078075e-01;-1.231779e-01;1.040969e+00
1094711526052348;7.392375e-01;-1.311432e-01;1.135474e+00
1094711546052348;7.706674e-01;-1.391085e-01;1.229980e+00
1094711566052348;8.020973e-01;-1.470738e-01;1.324485e+00
1094711586052348;8.335273e-01;-1.550391e-01;1.418991e+00
1094711606052348;8.649572e-01;-1.630044e-01;1.513496e+00
1094711626052348;8.963872e-01;-1.709697e-01;1.608002e+00
1094711646052348;9.278171e-01;-1.789350e-01;1.702507e+00
1094711666052348;9.592471e-01;-1.869003e-01;1.797013e+00
1094711686052348;9.906770e-01;-1.948656e-01;1.891518e+00
1094711706052348;1.022107e+00;-2.028309e-01;1.986023e+00
1094711726052348;9.962773e-01;-1.839568e-01;1.939932e+00
1094711746052348;9.641145e-01;-1.621143e-01;1.878289e+00
1094711766052348;9.319517e-01;-1.402718e-01;1.816647e+00
1094711786052348;8.997890e-01;-1.184293e-01;1.755005e+00
1094711806052348;8.676262e-01;-9.658677e-02;1.693362e+00
1094711826052348;8.354635e-01;-7.474425e-02;1.631720e+00
1094711846052348;8.033007e-01;-5.290174e-02;1.570078e+00
1094711866052348;7.711379e-01;-3.105922e-02;1.508436e+00
1094711886052348;7.389752e-01;-9.216709e-03;1.446793e+00
1094711906052348;7.068124e-01;1.262581e-02;1.385151e+00
1094711926052348;6.452665e-01;6.007650e-03;1.233071e+00
1094711946052348;5.780390e-01;-6.113779e-03;1.063504e+00
1094711966052348;5.108114e-01;-1.823521e-02;8.939360e-01
1094711986052348;4.435839e-01;-3.035664e-02;7.243686e-01
1094712006052348;3.763563e-01;-4.247807e-02;5.548011e-01
1094712026052348;3.091288e-01;-5.459949e-02;3.852336e-01
1094712046052348;2.419012e-01;-6.672092e-02;2.156661e-01
1094712066052348;1.746736e-01;-7.884235e-02;4.609863e-02
1094712086052348;1.074461e-01;-9.096378e-02;-1.234689e-01
1094712106052348;4.021854e-02;-1.030852e-01;-2.930363e-01
1094712126052348;-5.115356e-02;-1.080961e-01;-4.388816e-01
1094712146052348;-1.534586e-01;-1.098873e-01;-5.739852e-01
1094712166052348;-2.557635e-01;-1.116785e-01;-7.090888e-01
1094712186052348;-3.580685e-01;-1.134697e-01;-8.441924e-01
1094712206052348;-4.603735e-01;-1.152609e-01;-9.792960e-01
1094712226052348;-5.626785e-01;-1.170521e-01;-1.114400e+00
1094712246052348;-6.649835e-01;-1.188434e-01;-1.249503e+00
1094712266052348;-7.672885e-01;-1.206346e-01;-1.384607e+00
1094712286052348;-8.695935e-01;-1.224258e-01;-1.519710e+00
1094712306052348;-9.718985e-01;-1.242170e-01;-1.654814e+00
1094712326052348;-9.915663e-01;-1.110228e-01;-1.677384e+00
1094712346052348;-9.546857e-01;-8.757408e-02;-1.622947e+00
1094712366052348;-9.178051e-01;-6.412541e-02;-1.568510e+00
1094712386052348;-8.809245e-01;-4.067673e-02;-1.514073e+00
1094712406052348;-8.440439e-01;-1.722805e-02;-1.459636e+00
1094712426052348;-8.071634e-01;6.220621e-03;-1.405199e+00
1094712446052348;-7.702828e-01;2.966930e-02;-1.350762e+00
1094712466052348;-7.334022e-01;5.311797e-02;-1.296325e+00
1094712486052348;-6.965216e-01;7.656665e-02;-1.241888e+00
1094712506052348;-6.596410e-01;1.000153e-01;-1.187450e+00
1094712526052348;-6.371293e-01;1.151686e-01;-1.144182e+00
1094712546052348;-6.333735e-01;1.194938e-01;-1.115494e+00
1094712566052348;-6.296178e-01;1.238189e-01;-1.086805e+00
1094712586052348;-6.258621e-01;1.281440e-01;-1.058116e+00
1094712606052348;-6.221063e-01;1.324692e-01;-1.029427e+00
1094712626052348;-6.183506e-01;1.367943e-01;-1.000738e+00
1094712646052348;-6.145949e-01;1.411194e-01;-9.720492e-01
1094712666052348;-6.108392e-01;1.454445e-01;-9.433603e-01
1094712686052348;-6.070834e-01;1.497697e-01;-9.146715e-01
1094712706052348;-6.033277e-01;1.540948e-01;-8.859826e-01
1094712726052348;-5.830608e-01;1.555871e-01;-8.353681e-01
1094712746052348;-5.320657e-01;1.518075e-01;-7.439489e-01
1094712766052348;-4.810707e-01;1.480279e-01;-6.525298e-01
1094712786052348;-4.300756e-01;1.442483e-01;-5.611106e-01
1094712806052348;-3.790805e-01;1.404686e-01;-4.696914e-01
1094712826052348;-3.280855e-01;1.366890e-01;-3.782722e-01
1094712846052348;-2.770904e-01;1.329094e-01;-2.868531e-01
1094712866052348;-2.260953e-01;1.291297e-01;-1.954339e-01
1094712886052348;-1.751002e-01;1.253501e-01;-1.040147e-01
1094712906052348;-1.241052e-01;1.215705e-01;-1.259554e-02
1094712926052348;-6.664098e-02;1.125030e-01;8.485349e-02
1094712946052348;2.298510e-02;7.714623e-02;2.122806e-01
1094712966052348;1.126112e-01;4.178947e-02;3.397077e-01
1094712986052348;2.022373e-01;6.432721e-03;4.671347e-01
1094713006052348;2.918633e-01;-2.892403e-02;5.945618e-01
1094713026052348;3.814894e-01;-6.428079e-02;7.219889e-01
1094713046052348;4.711155e-01;-9.963754e-02;8.494160e-01
1094713066052348;5.607416e-01;-1.349943e-01;9.768431e-01
1094713086052348;6.503676e-01;-1.703510e-01;1.104270e+00
1094713106052348;7.399937e-01;-2.057078e-01;1.231697e+00
1094713126052348;8.230478e-01;-2.377142e-01;1.349842e+00
1094713146052348;8.196885e-01;-2.256687e-01;1.345930e+00
1094713166052348;8.163292e-01;-2.136232e-01;1.342019e+00
1094713186052348;8.129699e-01;-2.015777e-01;1.338108e+00
1094713206052348;8.096106e-01;-1.895321e-01;1.334197e+00
1094713226052348;8.062513e-01;-1.774866e-01;1.330286e+00
1094713246052348;8.028920e-01;-1.654411e-01;1.326375e+00
1094713266052348;7.995327e-01;-1.533955e-01;1.322463e+00
1094713286052348;7.961734e-01;-1.413500e-01;1.318552e+00
1094713306052348;7.928141e-01;-1.293045e-01;1.314641e+00
1094713326052348;7.894548e-01;-1.172589e-01;1.310730e+00
1094713346052348;7.616775e-01;-1.223502e-01;1.251520e+00
1094713366052348;7.308051e-01;-1.296136e-01;1.185301e+00
1094713386052348;6.999328e-01;-1.368770e-01;1.119082e+00
1094713406052348;6.690604e-01;-1.441403e-01;1.052863e+00
1094713426052348;6.381880e-01;-1.514037e-01;9.866433e-01
1094713446052348;6.073157e-01;-1.586671e-01;9.204241e-01
1094713466052348;5.764433e-01;-1.659305e-01;8.542050e-01
1094713486052348;5.455709e-01;-1.731939e-01;7.879858e-01
1094713506052348;5.146986e-01;-1.804572e-01;7.217666e-01
1094713526052348;4.838262e-01;-1.877206e-01;6.555474e-01
1094713546052348;3.989774e-01;-1.682745e-01;5.225316e-01
1094713566052348;3.016377e-01;-1.426473e-01;3.740581e-01
1094713586052348;2.042979e-01;-1.170202e-01;2.255845e-01
1094713606052348;1.069582e-01;-9.139303e-02;7.711097e-02
1094713626052348;9.618424e-03;-6.576589e-02;-7.136258e-02
1094713646052348;-8.772133e-02;-4.013874e-02;-2.198361e-01
1094713666052348;-1.850611e-01;-1.451160e-02;-3.683097e-01
1094713686052348;-2.824008e-01;1.111554e-02;-5.167832e-01
1094713706052348;-3.797406e-01;3.674269e-02;-6.652568e-01
