1094813000149025;1.211586e+01;6.069037e-01;-5.184323e+00
1094813020149025;1.030197e+01;3.474355e-01;-3.841754e+00
1094813040149025;8.928292e+00;9.920794e-01;-3.580806e+00
1094813060149025;8.201915e+00;3.853692e-01;-3.349629e+00
1094813080149025;7.899447e+00;-8.997451e-03;-3.226342e+00
1094813100149025;7.983380e+00;-7.017460e-01;-3.463115e+00
1094813120149025;7.821880e+00;-1.568071e+00;-4.401948e+00
1094813140149025;8.337824e+00;-3.193222e+00;-4.198224e+00
1094813160149025;8.946729e+00;-4.470535e+00;-4.343748e+00
1094813180149025;9.047727e+00;-5.200683e+00;-4.289649e+00
1094813200149025;8.920646e+00;-5.728472e+00;-3.991173e+00
1094813220149025;8.308549e+00;-5.825138e+00;-3.759080e+00
1094813240149025;7.692600e+00;-5.451974e+00;-5.002095e+00
1094813260149025;6.702892e+00;-5.541813e+00;-5.378908e+00
1094813280149025;5.698639e+00;-5.125925e+00;-5.112621e+00
1094813300149025;5.115881e+00;-4.751186e+00;-4.037723e+00
1094813320149025;4.920398e+00;-5.235905e+00;-3.024830e+00
1094813340149025;5.262583e+00;-6.060253e+00;-2.900588e+00
1094813360149025;5.298945e+00;-6.815895e+00;-3.127051e+00
1094813380149025;5.076711e+00;-8.379078e+00;-2.996870e+00
1094813400149025;4.208504e+00;-8.707766e+00;-2.941028e+00
1094813420149025;3.464473e+00;-8.564051e+00;-2.436500e+00
1094813440149025;2.639536e+00;-8.198349e+00;-2.183333e+00
1094813460149025;1.220932e+00;-8.158605e+00;-2.138214e+00
1094813480149025;-1.950951e-01;-8.584863e+00;-2.229661e+00
1094813500149025;-9.445410e-01;-8.947738e+00;-2.257237e+00
1094813520149025;-1.026149e+00;-9.276060e+00;-2.150429e+00
1094813540149025;-8.968131e-01;-9.177952e+00;-1.858255e+00
1094813560149025;-6.832695e-01;-8.407680e+00;-1.632280e+00
1094813580149025;-9.818324e-01;-8.167127e+00;-2.129410e+00
1094813600149025;-1.463250e+00;-8.453736e+00;-2.315667e+00
1094813620149025;-1.104622e+00;-8.917710e+00;-2.873934e+00
1094813640149025;-1.257878e-01;-9.250301e+00;-3.385537e+00
1094813660149025;8.388906e-01;-9.376033e+00;-3.145721e+00
1094813680149025;1.547522e+00;-9.108264e+00;-2.680324e+00
1094813700149025;1.992821e+00;-8.222487e+00;-2.401183e+00
1094813720149025;2.518429e+00;-7.625638e+00;-3.089491e+00
1094813740149025;3.142821e+00;-7.993963e+00;-3.724835e+00
1094813760149025;3.919494e+00;-7.706632e+00;-4.056535e+00
1094813780149025;4.697036e+00;-7.308929e+00;-4.302519e+00
1094813800149025;5.382096e+00;-7.122332e+00;-4.639892e+00
1094813820149025;6.364687e+00;-6.618428e+00;-5.221188e+00
1094813840149025;7.137744e+00;-6.052805e+00;-5.490668e+00
1094813860149025;7.355045e+00;-5.148262e+00;-5.349638e+00
1094813880149025;7.491408e+00;-4.172405e+00;-5.285535e+00
1094813900149025;7.529113e+00;-3.201861e+00;-5.286464e+00
1094813920149025;7.308543e+00;-2.263550e+00;-5.194472e+00
1094813940149025;7.161574e+00;-1.812322e+00;-5.241297e+00
1094813960149025;7.238540e+00;-1.548190e+00;-5.258462e+00
1094813980149025;7.427272e+00;-1.010677e+00;-5.225671e+00
1094814000149025;7.866666e+00;-6.032548e-01;-5.523659e+00
1094814020149025;8.491146e+00;-5.757221e-01;-5.829050e+00
1094814040149025;8.839563e+00;-5.742155e-01;-5.683020e+00
1094814060149025;9.036306e+00;-2.350819e-01;-5.447530e+00
1094814080149025;9.530953e+00;5.101558e-01;-5.476773e+00
1094814100149025;9.994400e+00;1.041996e+00;-5.901407e+00
1094814120149025;1.040293e+01;1.153467e+00;-6.234538e+00
1094814140149025;1.053484e+01;1.423775e+00;-5.596213e+00
1094814160149025;1.031155e+01;2.169391e+00;-4.983755e+00
1094814180149025;9.592042e+00;2.753649e+00;-5.344499e+00
1094814200149025;9.177726e+00;2.960628e+00;-4.853860e+00
1094814220149025;8.783983e+00;3.305254e+00;-4.230888e+00
1094814240149025;8.520394e+00;4.176198e+00;-4.147079e+00
1094814260149025;8.103096e+00;4.886042e+00;-4.164832e+00
1094814280149025;7.699861e+00;5.053671e+00;-4.111617e+00
1094814300149025;7.554449e+00;5.252482e+00;-3.645810e+00
1094814320149025;7.774442e+00;5.264805e+00;-3.202448e+00
1094814340149025;8.364603e+00;4.860979e+00;-2.699944e+00
1094814360149025;9.626255e+00;4.385968e+00;-3.324153e+00
1094814380149025;1.132848e+01;3.624852e+00;-4.592310e+00
1094814400149025;1.295662e+01;2.833810e+00;-5.259860e+00
1094814420149025;1.432518e+01;2.898168e+00;-4.578081e+00
1094814440149025;1.431536e+01;3.771525e+00;-3.984899e+00
1094814460149025;1.262724e+01;3.879731e+00;-4.577466e+00
1094814480149025;1.041209e+01;3.243942e+00;-5.699477e+00
1094814500149025;9.112290e+00;2.911213e+00;-5.841824e+00
1094814520149025;9.018467e+00;2.726625e+00;-5.483249e+00
1094814540149025;9.344529e+00;2.463506e+00;-5.372812e+00
1094814560149025;9.453388e+00;2.031340e+00;-4.894780e+00
1094814580149025;9.429761e+00;8.429224e-01;-4.908956e+00
1094814600149025;9.923275e+00;4.855494e-01;-5.086979e+00
1094814620149025;1.025799e+01;9.780208e-02;-5.506201e+00
1094814640149025;1.016430e+01;-1.518208e-01;-5.282398e+00
1094814660149025;9.471825e+00;-4.157344e-01;-5.179723e+00
1094814680149025;8.433202e+00;-5.153246e-01;-5.513417e+00
1094814700149025;7.969061e+00;-9.102875e-01;-5.780215e+00
1094814720149025;7.684338e+00;-1.381468e+00;-4.618715e+00
1094814740149025;7.510626e+00;-1.595438e+00;-4.502841e+00
1094814760149025;7.574923e+00;-2.169293e+00;-4.386348e+00
1094814780149025;7.753003e+00;-2.935605e+00;-4.709746e+00
1094814800149025;8.147825e+00;-3.907009e+00;-5.375379e+00
1094814820149025;8.299717e+00;-4.436203e+00;-5.038983e+00
1094814840149025;8.369230e+00;-5.103366e+00;-5.025834e+00
1094814860149025;8.386686e+00;-5.880907e+00;-4.995412e+00
1094814880149025;8.004780e+00;-6.337453e+00;-4.759100e+00
1094814900149025;7.625382e+00;-6.274097e+00;-4.268701e+00
1094814920149025;7.080569e+00;-5.856627e+00;-4.164389e+00
1094814940149025;6.090936e+00;-6.139749e+00;-3.935408e+00
1094814960149025;4.992224e+00;-7.199233e+00;-3.500865e+00
1094814980149025;4.126839e+00;-7.046233e+00;-1.952731e+00
1094815000149025;3.465179e+00;-6.125591e+00;-6.450114e-01
1094815020149025;2.552476e+00;-5.339644e+00;2.959896e-02
1094815040149025;1.566152e+00;-4.176409e+00;2.178135e-01
1094815060149025;1.500723e-01;-4.304837e+00;-5.926444e-01
1094815080149025;-1.005512e+00;-6.646512e+00;-2.204385e+00
1094815100149025;-3.727401e-01;-8.799924e+00;-3.526653e+00
1094815120149025;1.760981e+00;-9.469794e+00;-3.613758e+00
1094815140149025;4.295813e+00;-9.350055e+00;-2.406199e+00
1094815160149025;6.248698e+00;-8.992970e+00;-7.364714e-01
1094815180149025;7.412055e+00;-7.863096e+00;3.722558e-01
1094815200149025;7.629690e+00;-6.164385e+00;-3.760228e-01
1094815220149025;6.909755e+00;-4.139281e+00;-1.325279e+00
1094815240149025;5.403624e+00;-3.870619e+00;-2.723057e+00
1094815260149025;4.628201e+00;-5.740361e+00;-5.030339e+00
1094815280149025;5.486942e+00;-6.758797e+00;-5.034967e+00
1094815300149025;7.071299e+00;-5.605491e+00;-3.041228e+00
1094815320149025;8.209581e+00;-4.967433e+00;-2.825642e+00
1094815340149025;8.926059e+00;-5.852540e+00;-4.703636e+00
1094815360149025;8.752299e+00;-5.591080e+00;-5.607308e+00
1094815380149025;8.374539e+00;-4.419715e+00;-5.369109e+00
1094815400149025;8.534193e+00;-3.744296e+00;-5.700289e+00
1094815420149025;9.257862e+00;-3.102563e+00;-6.396542e+00
1094815440149025;9.688827e+00;-2.390203e+00;-6.970739e+00
1094815460149025;9.195427e+00;-1.722169e+00;-7.684131e+00
1094815480149025;8.063240e+00;-1.395835e+00;-7.349308e+00
1094815500149025;6.863458e+00;-1.560474e+00;-4.988405e+00
1094815520149025;7.414872e+00;-7.725554e-01;-3.827008e+00
1094815540149025;9.259922e+00;5.743204e-01;-5.186317e+00
1094815560149025;9.600280e+00;4.963846e-01;-6.846943e+00
1094815580149025;8.313482e+00;-1.294167e-01;-8.309818e+00
1094815600149025;7.782772e+00;-5.594296e-01;-8.373167e+00
1094815620149025;8.834681e+00;-5.625067e-01;-7.110516e+00
1094815640149025;9.807951e+00;1.687674e-01;-6.905185e+00
1094815660149025;9.319326e+00;6.112420e-01;-7.195581e+00
1094815680149025;7.932172e+00;7.602186e-01;-6.798287e+00
1094815700149025;6.929766e+00;1.300441e+00;-6.492677e+00
1094815720149025;6.620208e+00;1.778391e+00;-6.156738e+00
1094815740149025;6.586751e+00;1.876708e+00;-5.461460e+00
1094815760149025;7.046218e+00;2.385743e+00;-5.005811e+00
1094815780149025;8.067020e+00;3.024420e+00;-5.968138e+00
1094815800149025;8.619029e+00;2.730905e+00;-7.144222e+00
1094815820149025;9.585830e+00;2.311160e+00;-7.765026e+00
1094815840149025;1.101258e+01;1.528014e+00;-7.702146e+00
1094815860149025;1.225523e+01;8.288765e-01;-7.744335e+00
1094815880149025;1.276049e+01;7.128257e-01;-8.025032e+00
1094815900149025;1.224904e+01;7.276068e-01;-8.180423e+00
1094815920149025;1.038270e+01;9.848928e-01;-8.695348e+00
1094815940149025;9.052781e+00;6.928030e-01;-8.889512e+00
1094815960149025;9.036426e+00;1.003441e-01;-8.757903e+00
1094815980149025;9.533784e+00;-1.477290e-01;-7.810805e+00
1094816000149025;9.500955e+00;-3.993061e-01;-6.899390e+00
1094816020149025;9.157767e+00;-5.458742e-01;-6.798204e+00
1094816040149025;8.815130e+00;-6.338089e-01;-6.756798e+00
1094816060149025;7.993365e+00;-8.755192e-01;-5.785604e+00
1094816080149025;7.520786e+00;-1.510032e+00;-5.038760e+00
1094816100149025;7.546477e+00;-1.880843e+00;-4.300737e+00
1094816120149025;8.054606e+00;-1.847811e+00;-4.962293e+00
1094816140149025;7.950181e+00;-1.823460e+00;-5.518290e+00
1094816160149025;6.568137e+00;-2.373347e+00;-5.674451e+00
1094816180149025;6.157035e+00;-3.738963e+00;-3.578774e+00
1094816200149025;7.222561e+00;-4.519714e+00;-4.414965e+00
1094816220149025;7.887086e+00;-4.856030e+00;-5.747126e+00
1094816240149025;6.999844e+00;-5.682289e+00;-5.915282e+00
1094816260149025;5.960499e+00;-7.336593e+00;-5.459139e+00
1094816280149025;5.676427e+00;-8.286208e+00;-4.771562e+00
1094816300149025;5.974730e+00;-8.119659e+00;-4.238672e+00
1094816320149025;5.648517e+00;-8.150912e+00;-3.053556e+00
1094816340149025;4.920938e+00;-8.040156e+00;-2.275240e+00
1094816360149025;4.278931e+00;-7.141900e+00;-1.983139e+00
1094816380149025;3.227054e+00;-6.429026e+00;-2.192837e+00
1094816400149025;2.020647e+00;-6.115801e+00;-1.532762e+00
1094816420149025;1.242561e+00;-5.520365e+00;-1.138301e+00
1094816440149025;7.220336e-01;-4.857465e+00;-1.167896e+00
1094816460149025;-6.303951e-02;-5.634875e+00;-1.766099e+00
1094816480149025;-2.706370e-01;-6.856273e+00;-2.723217e+00
1094816500149025;4.576625e-01;-7.981631e+00;-3.195634e+00
1094816520149025;1.412835e+00;-8.800012e+00;-2.641340e+00
1094816540149025;2.943847e+00;-9.124279e+00;-1.086181e+00
1094816560149025;5.262353e+00;-8.974904e+00;-5.093558e-01
1094816580149025;6.374701e+00;-8.676776e+00;-1.679645e+00
1094816600149025;6.041347e+00;-8.479993e+00;-3.265976e+00
1094816620149025;6.366167e+00;-7.569172e+00;-4.785131e+00
1094816640149025;6.978877e+00;-5.767625e+00;-5.378320e+00
1094816660149025;6.821601e+00;-4.918947e+00;-4.960102e+00
1094816680149025;6.874793e+00;-5.163473e+00;-5.175573e+00
1094816700149025;7.153909e+00;-5.447284e+00;-5.804629e+00
1094816720149025;7.180091e+00;-4.964180e+00;-5.375653e+00
1094816740149025;7.182092e+00;-4.125318e+00;-5.232150e+00
1094816760149025;7.664695e+00;-3.170381e+00;-5.101033e+00
1094816780149025;8.168461e+00;-2.623810e+00;-4.791542e+00
1094816800149025;7.977124e+00;-2.494957e+00;-5.087495e+00
1094816820149025;7.716143e+00;-2.272381e+00;-5.381673e+00
1094816840149025;7.922402e+00;-1.926040e+00;-5.295180e+00
1094816860149025;8.498382e+00;-1.398273e+00;-5.423361e+00
1094816880149025;9.170597e+00;-1.242927e+00;-6.198501e+00
1094816900149025;9.464868e+00;-1.771309e+00;-7.031080e+00
1094816920149025;9.350883e+00;-1.927538e+00;-6.911112e+00
1094816940149025;9.364636e+00;-1.238286e+00;-6.439810e+00
1094816960149025;9.185144e+00;-1.377554e-01;-6.992849e+00
1094816980149025;8.551659e+00;3.593556e-01;-8.062737e+00
1094817000149025;7.899436e+00;1.999219e-01;-7.963518e+00
1094817020149025;7.750745e+00;3.624118e-01;-6.820090e+00
1094817040149025;7.991721e+00;9.555115e-01;-5.774936e+00
1094817060149025;8.055895e+00;1.549388e+00;-5.682136e+00
1094817080149025;7.763205e+00;1.750077e+00;-6.058037e+00
1094817100149025;7.378602e+00;1.450194e+00;-6.079974e+00
1094817120149025;7.442474e+00;1.037799e+00;-6.191887e+00
1094817140149025;8.174423e+00;9.141567e-01;-6.362051e+00
1094817160149025;9.038589e+00;1.128206e+00;-6.600927e+00
1094817180149025;9.356146e+00;1.450985e+00;-7.356418e+00
1094817200149025;9.737609e+00;1.412556e+00;-8.256985e+00
1094817220149025;1.078642e+01;9.308688e-01;-8.337407e+00
1094817240149025;1.169113e+01;6.347583e-01;-7.297065e+00
1094817260149025;1.182062e+01;7.466584e-01;-6.150899e+00
1094817280149025;1.114894e+01;7.621753e-01;-5.735712e+00
1094817300149025;1.008502e+01;5.540453e-01;-5.881146e+00
1094817320149025;9.287063e+00;2.808466e-01;-6.351383e+00
1094817340149025;8.754790e+00;-1.038105e-02;-7.097314e+00
1094817360149025;8.342810e+00;-5.923650e-01;-6.984641e+00
1094817380149025;8.623688e+00;-1.574800e+00;-6.481118e+00
1094817400149025;8.907589e+00;-1.995065e+00;-6.241453e+00
1094817420149025;8.811178e+00;-2.540809e+00;-5.974712e+00
1094817440149025;8.673212e+00;-3.110184e+00;-5.849876e+00
1094817460149025;8.884364e+00;-3.329137e+00;-6.130212e+00
1094817480149025;8.973726e+00;-3.278791e+00;-6.532433e+00
1094817500149025;8.540081e+00;-3.336148e+00;-6.874461e+00
1094817520149025;7.687084e+00;-3.234893e+00;-6.587015e+00
1094817540149025;6.903234e+00;-3.350306e+00;-6.243485e+00
1094817560149025;6.605996e+00;-3.486597e+00;-5.219923e+00
1094817580149025;6.609084e+00;-3.572612e+00;-4.699835e+00
1094817600149025;6.678216e+00;-3.893777e+00;-4.885803e+00
1094817620149025;6.206881e+00;-4.611219e+00;-4.659355e+00
1094817640149025;5.954748e+00;-5.416882e+00;-5.113804e+00
1094817660149025;5.652212e+00;-5.894773e+00;-4.887974e+00
1094817680149025;5.651603e+00;-6.131234e+00;-4.355226e+00
1094817700149025;6.153162e+00;-6.384540e+00;-4.150694e+00
1094817720149025;6.226251e+00;-7.008648e+00;-4.826584e+00
1094817740149025;5.475505e+00;-8.018218e+00;-4.992385e+00
1094817760149025;5.025307e+00;-8.130767e+00;-4.450740e+00
1094817780149025;4.231521e+00;-6.688720e+00;-2.778880e+00
1094817800149025;3.373340e+00;-6.502915e+00;-2.338898e+00
1094817820149025;2.571851e+00;-6.083662e+00;-1.641710e+00
1094817840149025;1.940228e+00;-5.025714e+00;-1.462716e+00
1094817860149025;1.403486e+00;-4.158123e+00;-1.348965e+00
1094817880149025;7.881375e-01;-4.841662e+00;-2.155578e+00
1094817900149025;6.359019e-01;-7.141587e+00;-4.194991e+00
1094817920149025;1.577311e+00;-9.161842e+00;-5.143787e+00
1094817940149025;3.714933e+00;-8.942595e+00;-4.484207e+00
1094817960149025;5.806334e+00;-8.389437e+00;-3.437739e+00
1094817980149025;7.536131e+00;-7.841098e+00;-2.248102e+00
1094818000149025;8.591468e+00;-7.383968e+00;-2.623891e+00
1094818020149025;8.454517e+00;-6.099524e+00;-3.330961e+00
1094818040149025;7.195729e+00;-5.117819e+00;-3.761747e+00
1094818060149025;6.663587e+00;-3.993209e+00;-4.012582e+00
1094818080149025;6.880779e+00;-3.145356e+00;-5.127406e+00
1094818100149025;7.224151e+00;-3.163171e+00;-5.740398e+00
1094818120149025;7.536827e+00;-2.964066e+00;-5.293963e+00
1094818140149025;7.602987e+00;-2.387202e+00;-4.583838e+00
1094818160149025;7.654633e+00;-2.272845e+00;-4.779673e+00
1094818180149025;7.409068e+00;-3.157829e+00;-6.472741e+00
1094818200149025;7.706587e+00;-3.655003e+00;-6.897545e+00
1094818220149025;8.374404e+00;-3.426218e+00;-6.566605e+00
1094818240149025;8.830040e+00;-2.737955e+00;-6.284544e+00
1094818260149025;8.863842e+00;-1.993701e+00;-6.003387e+00
1094818280149025;8.760061e+00;-1.706519e+00;-6.672420e+00
1094818300149025;9.003083e+00;-1.884176e+00;-7.701784e+00
1094818320149025;9.404008e+00;-1.307672e+00;-6.879315e+00
1094818340149025;9.289481e+00;-3.359706e-01;-6.227252e+00
1094818360149025;9.237375e+00;4.710261e-01;-5.881625e+00
1094818380149025;9.059204e+00;1.008672e+00;-5.753267e+00
1094818400149025;8.496817e+00;1.426203e+00;-5.504450e+00
1094818420149025;7.882795e+00;1.781923e+00;-5.339702e+00
1094818440149025;7.583413e+00;2.078911e+00;-5.081660e+00
1094818460149025;7.701904e+00;2.248631e+00;-4.868834e+00
1094818480149025;7.935058e+00;1.986480e+00;-5.481990e+00
1094818500149025;8.105752e+00;1.375734e+00;-6.359501e+00
1094818520149025;9.012910e+00;8.655167e-01;-7.357007e+00
1094818540149025;1.092951e+01;8.031165e-01;-8.530249e+00
1094818560149025;1.299349e+01;2.614969e-01;-8.308584e+00
1094818580149025;1.340237e+01;-2.528375e-01;-6.756230e+00
1094818600149025;1.214555e+01;2.525125e-01;-5.815764e+00
1094818620149025;1.067367e+01;9.461879e-01;-6.019614e+00
1094818640149025;9.477313e+00;1.035882e+00;-6.867409e+00
1094818660149025;8.525385e+00;6.480781e-01;-7.810809e+00
1094818680149025;7.753127e+00;2.711965e-01;-8.447621e+00
1094818700149025;7.482604e+00;-2.250283e-01;-8.060390e+00
1094818720149025;7.942043e+00;-8.567688e-01;-7.005772e+00
1094818740149025;8.961362e+00;-1.277519e+00;-6.732743e+00
1094818760149025;1.007164e+01;-1.681828e+00;-6.719527e+00
1094818780149025;1.047185e+01;-2.518748e+00;-6.510169e+00
1094818800149025;1.004196e+01;-3.406118e+00;-7.243429e+00
1094818820149025;9.606007e+00;-3.598931e+00;-8.179561e+00
1094818840149025;9.217489e+00;-3.217966e+00;-8.080953e+00
1094818860149025;8.597498e+00;-2.859787e+00;-7.313682e+00
1094818880149025;7.828433e+00;-2.721973e+00;-5.805827e+00
1094818900149025;7.011891e+00;-2.906910e+00;-4.692839e+00
1094818920149025;6.425811e+00;-3.438408e+00;-4.640016e+00
1094818940149025;5.867019e+00;-4.089141e+00;-4.753984e+00
1094818960149025;4.913184e+00;-4.951244e+00;-4.804892e+00
1094818980149025;3.965175e+00;-5.637992e+00;-4.526735e+00
1094819000149025;3.734870e+00;-5.464775e+00;-4.264674e+00
1094819020149025;3.361406e+00;-5.255981e+00;-4.162210e+00
1094819040149025;2.681668e+00;-5.434114e+00;-4.248434e+00
1094819060149025;1.854463e+00;-5.843224e+00;-4.047010e+00
1094819080149025;1.347699e+00;-6.529374e+00;-4.037657e+00
1094819100149025;1.374826e+00;-6.767157e+00;-3.692984e+00
1094819120149025;1.524953e+00;-6.299057e+00;-2.850561e+00
1094819140149025;1.729125e+00;-5.219043e+00;-1.846549e+00
1094819160149025;1.732668e+00;-6.341625e+00;-2.788558e+00
1094819180149025;1.770016e+00;-9.353164e+00;-4.065323e+00
1094819200149025;2.207957e+00;-9.826830e+00;-3.765672e+00
1094819220149025;3.450346e+00;-8.958879e+00;-3.860963e+00
1094819240149025;4.949413e+00;-8.403511e+00;-3.338023e+00
1094819260149025;5.225782e+00;-7.489135e+00;-3.120744e+00
1094819280149025;4.694191e+00;-6.118913e+00;-3.137589e+00
1094819300149025;4.501651e+00;-4.449820e+00;-3.035961e+00
1094819320149025;3.946745e+00;-4.680902e+00;-3.611289e+00
1094819340149025;4.022786e+00;-5.723767e+00;-3.877960e+00
1094819360149025;4.691034e+00;-5.843349e+00;-4.447730e+00
1094819380149025;6.145920e+00;-4.775133e+00;-4.796145e+00
1094819400149025;6.569628e+00;-5.671196e+00;-6.489514e+00
1094819420149025;6.026696e+00;-5.290086e+00;-6.256962e+00
1094819440149025;5.875717e+00;-3.254515e+00;-4.688182e+00
1094819460149025;6.792374e+00;-2.874927e+00;-6.028143e+00
1094819480149025;7.971386e+00;-4.360023e+00;-7.393799e+00
1094819500149025;7.807355e+00;-3.780066e+00;-6.767628e+00
1094819520149025;7.943962e+00;-2.447583e+00;-6.819584e+00
1094819540149025;8.880533e+00;-2.181460e+00;-7.483705e+00
1094819560149025;8.741442e+00;-1.799380e+00;-7.127136e+00
1094819580149025;8.606817e+00;-1.259800e+00;-7.336639e+00
1094819600149025;9.160216e+00;-7.579698e-01;-7.464806e+00
1094819620149025;9.025214e+00;-1.890930e-01;-6.907664e+00
1094819640149025;8.914015e+00;1.899450e-01;-7.207577e+00
1094819660149025;9.282796e+00;3.150583e-01;-7.626779e+00
1094819680149025;9.118635e+00;4.257217e-01;-7.127927e+00
1094819700149025;8.538840e+00;8.300761e-01;-6.298533e+00
1094819720149025;8.258150e+00;1.423460e+00;-5.747804e+00
1094819740149025;7.737110e+00;1.832943e+00;-5.316977e+00
1094819760149025;7.064243e+00;2.144320e+00;-5.442024e+00
1094819780149025;7.225880e+00;2.190829e+00;-5.991565e+00
1094819800149025;7.745476e+00;2.134734e+00;-6.687183e+00
1094819820149025;8.502517e+00;1.737310e+00;-7.170424e+00
1094819840149025;9.860009e+00;9.536245e-01;-8.082043e+00
1094819860149025;1.126922e+01;5.246765e-01;-8.632687e+00
1094819880149025;1.185962e+01;5.753464e-01;-8.990193e+00
1094819900149025;1.207857e+01;9.779330e-01;-8.908756e+00
1094819920149025;1.178427e+01;1.406839e+00;-7.746130e+00
1094819940149025;1.099459e+01;1.717491e+00;-6.670412e+00
1094819960149025;1.018487e+01;1.870591e+00;-6.692315e+00
1094819980149025;9.412010e+00;1.565333e+00;-7.148996e+00
1094820000149025;8.860738e+00;1.056449e+00;-7.183365e+00
1094820020149025;8.511810e+00;5.477427e-01;-7.004581e+00
1094820040149025;8.588042e+00;2.903931e-02;-6.761731e+00
1094820060149025;8.959786e+00;-4.128177e-01;-6.516972e+00
1094820080149025;8.974517e+00;-6.893154e-01;-6.446349e+00
1094820100149025;8.566941e+00;-9.538545e-01;-6.944524e+00
1094820120149025;8.020821e+00;-1.369601e+00;-7.669643e+00
1094820140149025;7.466011e+00;-1.571435e+00;-7.938766e+00
1094820160149025;7.338446e+00;-1.899735e+00;-7.429930e+00
1094820180149025;7.444664e+00;-2.433202e+00;-6.219702e+00
1094820200149025;7.141803e+00;-2.726222e+00;-5.358359e+00
1094820220149025;6.726924e+00;-3.126011e+00;-5.169309e+00
1094820240149025;6.472488e+00;-3.774833e+00;-5.196535e+00
1094820260149025;6.266993e+00;-3.947581e+00;-5.307731e+00
1094820280149025;5.987677e+00;-3.835762e+00;-5.612915e+00
1094820300149025;5.585105e+00;-4.875668e+00;-6.286133e+00
1094820320149025;5.544886e+00;-6.587766e+00;-6.396648e+00
1094820340149025;6.125297e+00;-6.897962e+00;-5.508864e+00
1094820360149025;6.659530e+00;-6.004954e+00;-4.563475e+00
1094820380149025;6.448479e+00;-5.535572e+00;-4.189799e+00
1094820400149025;5.544507e+00;-5.626807e+00;-4.504071e+00
1094820420149025;4.518912e+00;-6.220952e+00;-5.080318e+00
1094820440149025;3.666552e+00;-7.091984e+00;-4.901752e+00
1094820460149025;2.968006e+00;-7.373386e+00;-3.623433e+00
1094820480149025;3.043278e+00;-6.730854e+00;-2.131925e+00
1094820500149025;3.679707e+00;-5.137668e+00;-1.412697e+00
1094820520149025;3.186369e+00;-3.645392e+00;-2.020279e+00
1094820540149025;1.590978e+00;-4.112192e+00;-2.864983e+00
1094820560149025;9.708605e-01;-6.047265e+00;-3.392170e+00
1094820580149025;2.701878e+00;-7.994309e+00;-3.703612e+00
1094820600149025;4.138551e+00;-8.711873e+00;-3.319683e+00
1094820620149025;4.592677e+00;-7.727539e+00;-1.841990e+00
1094820640149025;4.297129e+00;-5.831181e+00;-1.130881e+00
1094820660149025;4.342629e+00;-4.520999e+00;-2.128382e+00
1094820680149025;4.266776e+00;-3.578601e+00;-2.648980e+00
1094820700149025;4.418303e+00;-2.455024e+00;-2.998747e+00
1094820720149025;5.412158e+00;-3.692147e+00;-5.786962e+00
1094820740149025;5.913568e+00;-5.974080e+00;-6.288283e+00
1094820760149025;6.399116e+00;-5.679452e+00;-5.043790e+00
1094820780149025;8.598940e+00;-3.663078e+00;-5.556319e+00
1094820800149025;1.159689e+01;-3.096789e+00;-8.039810e+00
1094820820149025;1.207632e+01;-3.999822e+00;-9.657996e+00
1094820840149025;1.090999e+01;-2.947470e+00;-8.179604e+00
1094820860149025;1.005098e+01;-1.715041e+00;-8.268022e+00
1094820880149025;1.018994e+01;-1.414289e+00;-8.737553e+00
1094820900149025;9.954752e+00;-1.050012e+00;-8.260951e+00
1094820920149025;9.247142e+00;-2.653543e-01;-7.600106e+00
1094820940149025;8.691448e+00;4.755694e-01;-7.084272e+00
1094820960149025;8.070286e+00;4.893134e-01;-7.124931e+00
1094820980149025;7.898641e+00;5.426384e-01;-6.410975e+00
1094821000149025;7.500665e+00;3.727233e-01;-6.321870e+00
1094821020149025;7.143674e+00;-9.075064e-02;-5.970401e+00
1094821040149025;7.260258e+00;-2.307805e-02;-5.705829e+00
1094821060149025;7.531398e+00;4.866824e-01;-5.335921e+00
1094821080149025;7.397866e+00;7.131716e-01;-5.253133e+00
1094821100149025;7.289555e+00;6.152861e-01;-5.574025e+00
1094821120149025;7.390627e+00;6.290361e-01;-5.709165e+00
1094821140149025;7.758097e+00;7.628476e-01;-6.054814e+00
1094821160149025;8.277395e+00;1.008483e+00;-5.870193e+00
1094821180149025;8.561289e+00;1.418794e+00;-5.402874e+00
1094821200149025;8.936136e+00;1.771709e+00;-6.284381e+00
1094821220149025;9.609109e+00;1.665157e+00;-7.873926e+00
1094821240149025;1.048253e+01;9.698148e-01;-8.493579e+00
1094821260149025;1.129135e+01;2.433992e-01;-8.912901e+00
1094821280149025;1.162489e+01;-1.341921e-01;-8.437129e+00
1094821300149025;1.138959e+01;2.814962e-03;-7.702110e+00
1094821320149025;1.121654e+01;4.655767e-01;-7.367118e+00
1094821340149025;1.126768e+01;5.267543e-01;-7.569821e+00
1094821360149025;1.089233e+01;4.941590e-01;-7.635873e+00
1094821380149025;8.345029e+00;8.611883e-01;-7.045736e+00
1094821400149025;7.198298e+00;6.299964e-01;-5.751479e+00
1094821420149025;7.602340e+00;4.066837e-01;-4.568907e+00
1094821440149025;7.614724e+00;2.677419e-01;-4.794956e+00
1094821460149025;7.423447e+00;-8.420799e-02;-6.098338e+00
1094821480149025;7.256971e+00;-1.011220e+00;-6.984626e+00
1094821500149025;7.226086e+00;-2.174194e+00;-7.015947e+00
1094821520149025;7.617245e+00;-3.007994e+00;-6.486994e+00
1094821540149025;8.262319e+00;-3.285840e+00;-5.427689e+00
1094821560149025;8.797918e+00;-3.481623e+00;-5.143558e+00
1094821580149025;8.448663e+00;-3.737882e+00;-5.487054e+00
1094821600149025;7.446566e+00;-3.516138e+00;-5.632020e+00
1094821620149025;6.702822e+00;-3.003080e+00;-5.949143e+00
1094821640149025;6.072085e+00;-2.813035e+00;-6.469940e+00
1094821660149025;5.343725e+00;-3.314228e+00;-6.493279e+00
1094821680149025;5.122316e+00;-4.497360e+00;-5.568865e+00
1094821700149025;5.846326e+00;-5.220266e+00;-4.224814e+00
1094821720149025;6.779979e+00;-5.002525e+00;-3.680117e+00
1094821740149025;7.126381e+00;-5.148689e+00;-4.477678e+00
1094821760149025;6.510406e+00;-6.529259e+00;-5.711109e+00
1094821780149025;6.111419e+00;-7.530635e+00;-6.057014e+00
1094821800149025;6.636883e+00;-7.612475e+00;-5.447681e+00
1094821820149025;6.880063e+00;-7.288807e+00;-4.536563e+00
1094821840149025;6.362261e+00;-6.459590e+00;-3.906738e+00
1094821860149025;5.343681e+00;-5.776748e+00;-3.723024e+00
1094821880149025;4.277473e+00;-5.220979e+00;-3.624831e+00
1094821900149025;3.392593e+00;-4.684891e+00;-3.487581e+00
1094821920149025;2.684324e+00;-4.529282e+00;-3.371841e+00
1094821940149025;2.193227e+00;-4.707160e+00;-3.382822e+00
1094821960149025;1.829215e+00;-5.335381e+00;-3.899088e+00
1094821980149025;1.753861e+00;-7.173717e+00;-5.258538e+00
1094822000149025;2.281798e+00;-9.013128e+00;-5.658637e+00
1094822020149025;3.542244e+00;-8.270668e+00;-4.150816e+00
1094822040149025;5.081711e+00;-5.946274e+00;-3.381054e+00
1094822060149025;5.463307e+00;-5.355354e+00;-4.150561e+00
1094822080149025;4.564943e+00;-6.095661e+00;-5.069288e+00
1094822100149025;4.236603e+00;-5.931326e+00;-5.305400e+00
1094822120149025;5.054750e+00;-5.285653e+00;-4.952466e+00
1094822140149025;5.799440e+00;-5.428203e+00;-4.364909e+00
1094822160149025;6.758973e+00;-5.353551e+00;-5.120736e+00
1094822180149025;7.641079e+00;-4.442298e+00;-6.188802e+00
1094822200149025;7.263540e+00;-4.441635e+00;-7.049740e+00
1094822220149025;7.273629e+00;-4.198942e+00;-7.257889e+00
1094822240149025;7.570059e+00;-3.668127e+00;-7.363094e+00
1094822260149025;7.680724e+00;-2.980581e+00;-6.702412e+00
1094822280149025;7.557270e+00;-2.165171e+00;-6.263981e+00
1094822300149025;7.456491e+00;-1.852250e+00;-6.419258e+00
1094822320149025;7.250847e+00;-1.770744e+00;-6.668136e+00
1094822340149025;7.420143e+00;-1.906667e+00;-7.595146e+00
1094822360149025;7.873687e+00;-1.811732e+00;-7.287238e+00
1094822380149025;7.796102e+00;-1.039110e+00;-6.749718e+00
1094822400149025;7.741061e+00;-5.139287e-01;-7.187767e+00
1094822420149025;7.791201e+00;-7.427178e-01;-7.802362e+00
1094822440149025;7.864240e+00;-7.718999e-01;-7.476821e+00
1094822460149025;7.909929e+00;-3.312702e-01;-6.906036e+00
1094822480149025;7.868178e+00;1.845487e-01;-6.363886e+00
1094822500149025;8.143533e+00;4.712175e-01;-6.582289e+00
1094822520149025;8.739962e+00;2.644427e-01;-6.879707e+00
1094822540149025;8.958018e+00;1.356278e-02;-6.675720e+00
1094822560149025;8.835238e+00;4.026163e-01;-6.446230e+00
1094822580149025;8.424149e+00;1.103637e+00;-4.963987e+00
1094822600149025;7.714151e+00;2.335915e+00;-5.455962e+00
1094822620149025;6.861567e+00;2.341340e+00;-6.525297e+00
1094822640149025;5.705558e+00;1.378708e+00;-7.598056e+00
1094822660149025;6.264589e+00;1.451771e+00;-7.742765e+00
1094822680149025;8.117123e+00;1.772375e+00;-7.588574e+00
1094822700149025;9.834524e+00;1.507699e+00;-7.710633e+00
1094822720149025;1.117477e+01;1.035675e+00;-7.787871e+00
1094822740149025;1.162960e+01;7.832593e-01;-7.944331e+00
1094822760149025;1.160703e+01;7.473503e-01;-7.922243e+00
1094822780149025;1.074333e+01;1.030977e+00;-8.004813e+00
1094822800149025;1.006081e+01;1.234894e+00;-7.704256e+00
1094822820149025;1.013815e+01;1.218123e+00;-7.913370e+00
1094822840149025;9.793476e+00;9.642662e-01;-7.414141e+00
1094822860149025;8.673794e+00;9.958984e-01;-6.931119e+00
1094822880149025;7.858567e+00;1.299245e+00;-6.698057e+00
1094822900149025;7.413009e+00;1.022511e+00;-6.734759e+00
1094822920149025;7.141915e+00;5.313300e-01;-6.579494e+00
1094822940149025;7.019590e+00;1.792947e-01;-6.171911e+00
1094822960149025;7.178108e+00;3.046802e-02;-5.568108e+00
1094822980149025;7.211596e+00;-7.882466e-01;-5.146458e+00
1094823000149025;7.164296e+00;-1.955706e+00;-5.646722e+00
1094823020149025;7.019530e+00;-2.922153e+00;-6.325126e+00
1094823040149025;7.134368e+00;-3.420803e+00;-6.726491e+00
1094823060149025;7.494375e+00;-3.497476e+00;-6.809544e+00
1094823080149025;7.372335e+00;-3.235666e+00;-6.329250e+00
1094823100149025;6.876727e+00;-2.851537e+00;-5.528842e+00
1094823120149025;6.302015e+00;-2.448565e+00;-4.930044e+00
1094823140149025;5.698818e+00;-1.986654e+00;-4.555440e+00
1094823160149025;5.094102e+00;-2.340158e+00;-4.618233e+00
1094823180149025;4.773119e+00;-3.676989e+00;-5.256289e+00
1094823200149025;5.198041e+00;-5.398847e+00;-6.165149e+00
1094823220149025;6.492357e+00;-6.670641e+00;-6.515442e+00
1094823240149025;7.835590e+00;-7.274077e+00;-6.611928e+00
1094823260149025;8.856320e+00;-7.639379e+00;-6.826681e+00
1094823280149025;9.066725e+00;-7.627553e+00;-6.418863e+00
1094823300149025;8.663456e+00;-7.248059e+00;-5.812711e+00
1094823320149025;8.412928e+00;-7.117085e+00;-5.801274e+00
1094823340149025;8.026380e+00;-6.779946e+00;-5.463896e+00
1094823360149025;7.259230e+00;-5.357362e+00;-4.468856e+00
1094823380149025;6.406058e+00;-4.145852e+00;-3.665017e+00
1094823400149025;5.524301e+00;-3.837993e+00;-3.052444e+00
1094823420149025;4.704151e+00;-3.342527e+00;-2.388654e+00
1094823440149025;3.945315e+00;-2.921852e+00;-1.975234e+00
1094823460149025;3.323028e+00;-3.350087e+00;-2.191131e+00
1094823480149025;3.048488e+00;-4.882361e+00;-3.466823e+00
1094823500149025;3.109717e+00;-6.913804e+00;-5.104616e+00
1094823520149025;3.384383e+00;-7.978418e+00;-5.691354e+00
1094823540149025;3.929167e+00;-7.695868e+00;-5.053226e+00
1094823560149025;5.047003e+00;-6.957850e+00;-4.207190e+00
1094823580149025;6.269552e+00;-6.084499e+00;-3.888228e+00
1094823600149025;6.461096e+00;-5.013929e+00;-3.521727e+00
1094823620149025;5.678701e+00;-4.165791e+00;-3.192303e+00
1094823640149025;5.321820e+00;-4.138870e+00;-3.127118e+00
1094823660149025;5.936383e+00;-4.287008e+00;-3.361848e+00
1094823680149025;6.674876e+00;-4.142505e+00;-4.023269e+00
1094823700149025;6.963514e+00;-4.554626e+00;-4.980090e+00
1094823720149025;7.575186e+00;-4.712938e+00;-5.487946e+00
1094823740149025;8.434893e+00;-4.136735e+00;-6.425087e+00
1094823760149025;9.190117e+00;-3.152575e+00;-7.199250e+00
1094823780149025;9.312731e+00;-1.839468e+00;-7.164766e+00
1094823800149025;9.009764e+00;-1.322243e+00;-6.708643e+00
1094823820149025;8.745543e+00;-1.317207e+00;-7.015233e+00
1094823840149025;9.027453e+00;-1.240447e+00;-7.222073e+00
1094823860149025;8.985515e+00;-5.958743e-01;-7.069948e+00
1094823880149025;8.964329e+00;2.978927e-02;-6.977769e+00
1094823900149025;9.022831e+00;3.304269e-01;-6.856992e+00
1094823920149025;8.415607e+00;7.197093e-01;-6.485832e+00
1094823940149025;7.782995e+00;8.908292e-01;-6.739206e+00
1094823960149025;7.688499e+00;8.947877e-01;-6.200095e+00
1094823980149025;7.530190e+00;1.176281e+00;-5.603161e+00
1094824000149025;7.673369e+00;1.570906e+00;-5.040048e+00
1094824020149025;7.742550e+00;1.695097e+00;-4.520336e+00
1094824040149025;7.583840e+00;1.664692e+00;-4.741913e+00
1094824060149025;7.856361e+00;1.652696e+00;-5.507915e+00
1094824080149025;8.862460e+00;1.525389e+00;-6.398269e+00
1094824100149025;1.022300e+01;1.179927e+00;-7.274425e+00
1094824120149025;1.120639e+01;9.008031e-01;-8.117665e+00
1094824140149025;1.137286e+01;5.561380e-01;-8.459986e+00
1094824160149025;1.160600e+01;4.206939e-01;-8.172345e+00
1094824180149025;1.065884e+01;1.537519e+00;-6.446370e+00
1094824200149025;9.629730e+00;2.242500e+00;-5.924472e+00
1094824220149025;9.042234e+00;2.455223e+00;-6.560689e+00
1094824240149025;8.718721e+00;2.128701e+00;-6.639814e+00
1094824260149025;8.424862e+00;1.197998e+00;-6.923412e+00
1094824280149025;8.754626e+00;4.948109e-01;-6.790176e+00
1094824300149025;9.557642e+00;-4.113800e-01;-7.452145e+00
1094824320149025;1.034811e+01;-1.222351e+00;-7.327064e+00
1094824340149025;1.058072e+01;-1.953202e+00;-7.904192e+00
1094824360149025;1.102962e+01;-2.556750e+00;-8.958581e+00
1094824380149025;1.038129e+01;-1.765875e+00;-7.888430e+00
1094824400149025;8.494633e+00;-6.084645e-01;-7.096214e+00
1094824420149025;7.334408e+00;-8.985936e-01;-7.259226e+00
1094824440149025;6.803729e+00;-1.538597e+00;-6.455575e+00
1094824460149025;6.417317e+00;-1.718606e+00;-5.376526e+00
1094824480149025;6.545376e+00;-1.386611e+00;-4.278199e+00
1094824500149025;6.676884e+00;-1.324830e+00;-4.059352e+00
1094824520149025;6.324534e+00;-2.606328e+00;-4.484354e+00
1094824540149025;5.502252e+00;-3.769480e+00;-4.600651e+00
1094824560149025;5.136525e+00;-4.476600e+00;-4.587872e+00
1094824580149025;5.293045e+00;-5.473785e+00;-4.171209e+00
1094824600149025;5.237868e+00;-5.750811e+00;-3.648485e+00
1094824620149025;4.838831e+00;-6.178700e+00;-3.757802e+00
1094824640149025;4.365549e+00;-7.075453e+00;-4.087887e+00
1094824660149025;4.205634e+00;-7.514643e+00;-3.728243e+00
1094824680149025;4.496699e+00;-7.216146e+00;-2.810928e+00
1094824700149025;4.564834e+00;-7.179580e+00;-2.613140e+00
1094824720149025;3.936321e+00;-7.503592e+00;-2.646803e+00
1094824740149025;3.175646e+00;-7.247357e+00;-2.299526e+00
1094824760149025;2.897735e+00;-6.420558e+00;-1.972835e+00
1094824780149025;2.521686e+00;-6.234621e+00;-2.152694e+00
1094824800149025;2.339961e+00;-6.695818e+00;-2.696511e+00
1094824820149025;2.801765e+00;-6.991877e+00;-3.164244e+00
1094824840149025;3.810286e+00;-7.544560e+00;-3.519526e+00
1094824860149025;5.238888e+00;-8.062892e+00;-4.045853e+00
1094824880149025;5.869506e+00;-7.852975e+00;-3.113486e+00
1094824900149025;5.420586e+00;-7.513461e+00;-1.903691e+00
1094824920149025;5.901162e+00;-6.819647e+00;-2.139882e+00
1094824940149025;6.966486e+00;-5.755408e+00;-3.160764e+00
1094824960149025;6.544172e+00;-5.085743e+00;-4.943897e+00
1094824980149025;5.974449e+00;-4.917553e+00;-6.229776e+00
1094825000149025;6.503319e+00;-4.756551e+00;-5.954030e+00
1094825020149025;7.388713e+00;-4.133093e+00;-5.243230e+00
1094825040149025;8.418720e+00;-3.330380e+00;-5.100989e+00
1094825060149025;8.636072e+00;-2.911110e+00;-5.708718e+00
1094825080149025;7.880287e+00;-2.644014e+00;-6.605791e+00
1094825100149025;7.596065e+00;-2.376855e+00;-7.544145e+00
1094825120149025;8.088323e+00;-2.119029e+00;-7.531593e+00
1094825140149025;8.390321e+00;-1.340204e+00;-6.398155e+00
1094825160149025;8.689873e+00;-8.143863e-01;-5.649865e+00
1094825180149025;8.978479e+00;-6.956144e-01;-5.901490e+00
1094825200149025;8.468833e+00;-3.426867e-01;-6.221604e+00
1094825220149025;7.807878e+00;1.011508e-01;-6.596105e+00
1094825240149025;7.946449e+00;4.758540e-01;-6.987148e+00
1094825260149025;8.357821e+00;6.164698e-01;-6.603174e+00
1094825280149025;8.296661e+00;6.519473e-01;-5.753201e+00
1094825300149025;8.073434e+00;6.864353e-01;-5.570713e+00
1094825320149025;8.334268e+00;6.259162e-01;-5.854590e+00
1094825340149025;8.914080e+00;7.457896e-01;-5.897557e+00
1094825360149025;8.980068e+00;1.109324e+00;-5.850232e+00
1094825380149025;9.099691e+00;1.546860e+00;-6.317029e+00
1094825400149025;9.481322e+00;1.152174e+00;-6.979989e+00
1094825420149025;9.942943e+00;6.956135e-01;-7.090463e+00
1094825440149025;1.030754e+01;5.543985e-01;-7.470653e+00
1094825460149025;1.055282e+01;4.445717e-01;-7.771065e+00
1094825480149025;1.035068e+01;6.030598e-01;-7.504037e+00
1094825500149025;1.021371e+01;1.246274e+00;-7.490707e+00
1094825520149025;9.560166e+00;1.751490e+00;-7.238194e+00
1094825540149025;8.332287e+00;1.670541e+00;-7.100325e+00
1094825560149025;7.775049e+00;1.223235e+00;-6.510106e+00
1094825580149025;8.219883e+00;9.811139e-01;-5.908934e+00
1094825600149025;8.854194e+00;7.309062e-01;-5.729406e+00
1094825620149025;9.128027e+00;3.804632e-01;-5.457031e+00
1094825640149025;9.054614e+00;1.541763e-01;-6.073893e+00
1094825660149025;8.961659e+00;9.371513e-04;-7.096785e+00
1094825680149025;8.682499e+00;-9.399635e-02;-7.395361e+00
1094825700149025;8.279176e+00;-3.463699e-01;-6.821370e+00
1094825720149025;8.351860e+00;-5.409757e-01;-5.958540e+00
1094825740149025;8.394265e+00;-7.891514e-01;-5.412471e+00
1094825760149025;8.374918e+00;-1.231457e+00;-5.463508e+00
1094825780149025;7.749123e+00;-1.635361e+00;-5.853372e+00
1094825800149025;7.641336e+00;-2.417313e+00;-5.081412e+00
1094825820149025;8.375729e+00;-3.504156e+00;-4.999499e+00
1094825840149025;8.850812e+00;-3.819077e+00;-5.983991e+00
1094825860149025;8.322480e+00;-4.325909e+00;-6.824525e+00
1094825880149025;7.989669e+00;-4.823952e+00;-6.320264e+00
1094825900149025;8.330533e+00;-5.069953e+00;-6.121024e+00
1094825920149025;8.407873e+00;-5.121209e+00;-5.586920e+00
1094825940149025;7.650029e+00;-5.527060e+00;-4.972437e+00
1094825960149025;7.115195e+00;-5.638491e+00;-4.630001e+00
1094825980149025;7.256803e+00;-5.697392e+00;-4.270824e+00
1094826000149025;7.336727e+00;-5.024184e+00;-3.329029e+00
1094826020149025;6.504293e+00;-4.372946e+00;-2.710225e+00
1094826040149025;5.891589e+00;-4.537044e+00;-3.004828e+00
1094826060149025;5.599489e+00;-5.965056e+00;-4.203879e+00
1094826080149025;5.336021e+00;-7.303276e+00;-4.189312e+00
1094826100149025;5.436563e+00;-7.073234e+00;-3.016195e+00
1094826120149025;5.525329e+00;-6.091206e+00;-1.528172e+00
1094826140149025;4.964807e+00;-5.656552e+00;-9.675537e-01
1094826160149025;3.853000e+00;-5.608700e+00;-1.580358e+00
1094826180149025;2.336853e+00;-6.916227e+00;-3.352018e+00
1094826200149025;1.815588e+00;-8.191459e+00;-4.378115e+00
1094826220149025;2.356191e+00;-8.819697e+00;-3.969823e+00
1094826240149025;3.547143e+00;-8.978354e+00;-2.982826e+00
1094826260149025;5.029647e+00;-8.191348e+00;-2.033836e+00
1094826280149025;5.924267e+00;-6.623189e+00;-1.559797e+00
1094826300149025;5.639152e+00;-5.809478e+00;-1.663505e+00
1094826320149025;5.317190e+00;-5.720264e+00;-1.689505e+00
1094826340149025;5.569435e+00;-5.418201e+00;-1.694223e+00
1094826360149025;6.278122e+00;-5.199573e+00;-2.226474e+00
1094826380149025;7.204629e+00;-5.425680e+00;-2.854661e+00
1094826400149025;7.844109e+00;-5.419579e+00;-3.031255e+00
1094826420149025;8.495309e+00;-4.961154e+00;-3.016220e+00
1094826440149025;9.075811e+00;-4.642908e+00;-3.778837e+00
1094826460149025;8.982124e+00;-4.622229e+00;-4.321411e+00
1094826480149025;8.826966e+00;-4.197426e+00;-4.235720e+00
1094826500149025;9.129487e+00;-3.302232e+00;-4.314361e+00
1094826520149025;9.312582e+00;-3.048029e+00;-5.021198e+00
1094826540149025;9.271702e+00;-3.584907e+00;-6.069204e+00
1094826560149025;9.679156e+00;-3.107859e+00;-5.550880e+00
1094826580149025;1.015342e+01;-2.074972e+00;-4.534022e+00
1094826600149025;1.026957e+01;-1.996163e+00;-4.796030e+00
1094826620149025;9.977250e+00;-1.937346e+00;-5.100636e+00
1094826640149025;9.318203e+00;-1.257415e+00;-5.183942e+00
1094826660149025;8.931922e+00;-3.830464e-01;-5.145677e+00
1094826680149025;8.744757e+00;-9.214210e-02;-5.182933e+00
1094826700149025;8.862427e+00;-2.390666e-01;-4.827445e+00
1094826720149025;9.081905e+00;-2.599988e-01;-4.012825e+00
1094826740149025;9.132565e+00;7.366304e-02;-3.711972e+00
1094826760149025;9.469591e+00;5.684328e-01;-4.235932e+00
1094826780149025;9.868112e+00;9.579278e-01;-4.570510e+00
1094826800149025;9.527350e+00;9.894328e-01;-4.731892e+00
1094826820149025;8.905356e+00;8.806381e-01;-5.020177e+00
1094826840149025;8.606772e+00;1.037322e+00;-4.881238e+00
1094826860149025;8.863954e+00;1.259217e+00;-4.493144e+00
1094826880149025;9.429219e+00;1.192095e+00;-4.517663e+00
1094826900149025;1.021130e+01;1.085735e+00;-5.150002e+00
1094826920149025;1.094256e+01;9.560678e-01;-5.762044e+00
1094826940149025;1.126519e+01;4.828053e-01;-6.088699e+00
1094826960149025;1.149059e+01;1.986484e-01;-5.980422e+00
1094826980149025;1.157441e+01;8.318000e-01;-5.192016e+00
1094827000149025;1.087821e+01;1.097542e+00;-5.102018e+00
1094827020149025;1.001141e+01;1.238221e+00;-4.926287e+00
1094827040149025;9.135770e+00;1.138830e+00;-5.345238e+00
1094827060149025;8.451865e+00;7.417557e-01;-5.777284e+00
1094827080149025;8.225685e+00;1.575577e-01;-5.965439e+00
1094827100149025;8.686999e+00;-4.145539e-01;-5.890939e+00
1094827120149025;9.560024e+00;-7.790533e-01;-5.188707e+00
1094827140149025;1.010608e+01;-8.986802e-01;-5.185325e+00
1094827160149025;1.024497e+01;-1.164344e+00;-5.475157e+00
1094827180149025;9.870958e+00;-1.410268e+00;-5.625412e+00
1094827200149025;9.093943e+00;-1.372686e+00;-5.610320e+00
1094827220149025;8.567315e+00;-1.254209e+00;-4.914174e+00
1094827240149025;8.455454e+00;-1.075526e+00;-3.758003e+00
1094827260149025;9.048381e+00;-1.227493e+00;-3.359974e+00
1094827280149025;9.700465e+00;-1.849663e+00;-3.130932e+00
1094827300149025;9.354464e+00;-3.084255e+00;-3.597125e+00
1094827320149025;8.414264e+00;-3.773580e+00;-4.000405e+00
1094827340149025;8.425629e+00;-3.832376e+00;-4.244318e+00
1094827360149025;9.077487e+00;-4.143793e+00;-5.175168e+00
1094827380149025;8.683885e+00;-6.196031e+00;-5.655302e+00
1094827400149025;8.897277e+00;-7.124810e+00;-5.456904e+00
1094827420149025;8.904148e+00;-7.120078e+00;-5.006873e+00
1094827440149025;8.590245e+00;-6.646051e+00;-4.509589e+00
1094827460149025;7.908477e+00;-6.966931e+00;-4.959554e+00
1094827480149025;7.228762e+00;-7.144381e+00;-4.583899e+00
1094827500149025;6.288423e+00;-6.631257e+00;-3.794867e+00
1094827520149025;5.633131e+00;-5.740324e+00;-3.745843e+00
1094827540149025;5.014084e+00;-5.467479e+00;-3.470253e+00
1094827560149025;4.483576e+00;-5.160783e+00;-2.447643e+00
1094827580149025;3.819342e+00;-4.570270e+00;-1.786886e+00
1094827600149025;2.875139e+00;-3.224836e+00;-5.391920e-01
1094827620149025;1.823435e+00;-1.410124e+00;6.866557e-01
1094827640149025;9.069330e-01;-1.929428e+00;-5.625379e-01
1094827660149025;-2.356568e-01;-5.627653e+00;-3.083237e+00
1094827680149025;-1.838560e-01;-9.678278e+00;-4.813761e+00
1094827700149025;1.440971e+00;-1.185147e+01;-4.394123e+00
1094827720149025;4.330925e+00;-1.156863e+01;-2.610492e+00
1094827740149025;6.791429e+00;-9.584025e+00;-8.408721e-01
1094827760149025;5.583116e+00;-6.273355e+00;-1.863015e+00
1094827780149025;3.902397e+00;-4.365010e+00;-3.198028e+00
1094827800149025;3.299694e+00;-3.917885e+00;-4.191209e+00
1094827820149025;3.501882e+00;-4.882671e+00;-4.597192e+00
1094827840149025;4.847977e+00;-5.632472e+00;-4.016829e+00
1094827860149025;7.077212e+00;-5.263490e+00;-3.769483e+00
1094827880149025;8.531084e+00;-4.686819e+00;-4.104691e+00
1094827900149025;8.983075e+00;-5.313887e+00;-5.719906e+00
1094827920149025;8.907716e+00;-6.179901e+00;-7.468917e+00
1094827940149025;8.730043e+00;-5.616253e+00;-8.014521e+00
1094827960149025;9.289215e+00;-4.443056e+00;-8.656691e+00
1094827980149025;9.897058e+00;-3.700245e+00;-8.963351e+00
1094828000149025;9.729169e+00;-3.488541e+00;-8.424978e+00
1094828020149025;8.974339e+00;-3.145623e+00;-7.138642e+00
1094828040149025;8.247028e+00;-2.471098e+00;-6.243182e+00
1094828060149025;7.961718e+00;-1.728704e+00;-6.648898e+00
1094828080149025;7.633074e+00;-1.143357e+00;-7.430872e+00
1094828100149025;7.060033e+00;-7.744250e-01;-7.493166e+00
1094828120149025;6.866123e+00;-4.586520e-01;-7.105695e+00
1094828140149025;6.953102e+00;-2.592703e-01;-6.685612e+00
1094828160149025;7.056448e+00;-6.228689e-02;-6.063736e+00
1094828180149025;7.399281e+00;1.373210e-01;-5.545775e+00
1094828200149025;7.772240e+00;2.964255e-01;-5.480991e+00
1094828220149025;7.948379e+00;5.284695e-01;-5.817076e+00
1094828240149025;8.034983e+00;5.805702e-01;-6.172020e+00
1094828260149025;8.135450e+00;6.386728e-01;-6.229727e+00
1094828280149025;8.424568e+00;8.379610e-01;-6.150601e+00
1094828300149025;9.018961e+00;1.076700e+00;-6.014285e+00
1094828320149025;9.596914e+00;1.146904e+00;-6.218999e+00
1094828340149025;1.002563e+01;8.625665e-01;-6.946228e+00
1094828360149025;1.058889e+01;2.005453e-01;-8.079131e+00
1094828380149025;1.133594e+01;-5.563653e-01;-8.716155e+00
1094828400149025;1.183394e+01;-8.848810e-01;-8.726383e+00
1094828420149025;1.175819e+01;-5.784820e-01;-8.049367e+00
1094828440149025;1.139775e+01;2.661882e-01;-7.199893e+00
1094828460149025;1.079299e+01;8.687220e-01;-7.047420e+00
1094828480149025;9.948903e+00;8.906328e-01;-6.984664e+00
1094828500149025;8.627612e+00;4.246323e-01;-6.698588e+00
1094828520149025;7.654902e+00;3.483410e-01;-6.249336e+00
1094828540149025;7.238864e+00;3.001836e-01;-5.624394e+00
1094828560149025;7.300528e+00;-1.189151e-01;-5.129129e+00
1094828580149025;7.908158e+00;-1.210517e+00;-5.033424e+00
1094828600149025;7.565470e+00;-1.940259e+00;-4.764824e+00
1094828620149025;7.171761e+00;-2.629232e+00;-4.903438e+00
1094828640149025;7.571104e+00;-2.788071e+00;-5.618503e+00
1094828660149025;7.799866e+00;-3.080428e+00;-6.335191e+00
1094828680149025;7.674447e+00;-3.562733e+00;-6.687115e+00
1094828700149025;7.454142e+00;-4.135247e+00;-6.639102e+00
1094828720149025;7.636562e+00;-4.598122e+00;-6.236456e+00
1094828740149025;8.208493e+00;-5.017966e+00;-6.274999e+00
1094828760149025;8.300004e+00;-5.466513e+00;-6.127379e+00
1094828780149025;7.800269e+00;-6.193084e+00;-6.569650e+00
1094828800149025;7.252520e+00;-6.444118e+00;-6.352583e+00
1094828820149025;7.119277e+00;-5.840018e+00;-5.094508e+00
1094828840149025;7.864049e+00;-4.968986e+00;-4.368237e+00
1094828860149025;7.425696e+00;-4.748965e+00;-4.378095e+00
1094828880149025;5.910832e+00;-4.939645e+00;-3.554826e+00
1094828900149025;5.137244e+00;-5.174066e+00;-3.604054e+00
1094828920149025;5.158035e+00;-5.604745e+00;-4.104210e+00
1094828940149025;4.929961e+00;-6.577984e+00;-4.338348e+00
1094828960149025;4.353337e+00;-7.585023e+00;-4.704407e+00
1094828980149025;4.108530e+00;-6.795405e+00;-2.748103e+00
1094829000149025;4.130259e+00;-6.848437e+00;-3.418004e+00
1094829020149025;3.478657e+00;-7.193374e+00;-4.554514e+00
1094829040149025;2.309517e+00;-6.739618e+00;-4.017215e+00
1094829060149025;1.652272e+00;-5.945612e+00;-2.543972e+00
1094829080149025;2.091908e+00;-5.402089e+00;-1.651981e+00
1094829100149025;3.191331e+00;-5.887272e+00;-1.879121e+00
1094829120149025;3.755603e+00;-8.056122e+00;-3.074846e+00
1094829140149025;3.943377e+00;-8.837141e+00;-3.100197e+00
1094829160149025;4.477316e+00;-8.406109e+00;-2.750302e+00
1094829180149025;5.359462e+00;-8.157323e+00;-2.515991e+00
1094829200149025;6.122337e+00;-7.805412e+00;-2.502362e+00
1094829220149025;6.390973e+00;-6.519190e+00;-2.552897e+00
1094829240149025;6.090830e+00;-5.270498e+00;-2.999452e+00
1094829260149025;5.779681e+00;-5.678477e+00;-4.544996e+00
1094829280149025;5.895346e+00;-6.426760e+00;-5.279574e+00
1094829300149025;6.474929e+00;-6.011387e+00;-4.927044e+00
1094829320149025;7.157803e+00;-5.289887e+00;-4.139441e+00
1094829340149025;7.104888e+00;-5.266017e+00;-3.986545e+00
1094829360149025;7.864296e+00;-5.034051e+00;-5.692239e+00
1094829380149025;8.003447e+00;-4.697137e+00;-6.779122e+00
1094829400149025;7.475691e+00;-4.408976e+00;-6.957183e+00
1094829420149025;7.644131e+00;-3.585694e+00;-6.296253e+00
1094829440149025;8.103555e+00;-2.749361e+00;-5.750464e+00
1094829460149025;8.292427e+00;-2.493943e+00;-5.485389e+00
1094829480149025;8.022189e+00;-2.285586e+00;-5.561277e+00
1094829500149025;7.467101e+00;-2.013383e+00;-5.796992e+00
1094829520149025;7.489503e+00;-1.679095e+00;-5.669154e+00
1094829540149025;8.077606e+00;-1.218860e+00;-5.772130e+00
1094829560149025;8.726796e+00;-1.155238e+00;-6.185629e+00
1094829580149025;8.866948e+00;-1.111484e+00;-6.448790e+00
1094829600149025;8.481304e+00;-7.051867e-01;-6.443591e+00
1094829620149025;8.418184e+00;-1.970148e-01;-6.496978e+00
1094829640149025;8.770452e+00;2.234979e-01;-6.466803e+00
1094829660149025;8.913572e+00;4.561086e-01;-6.385453e+00
1094829680149025;8.715128e+00;5.073278e-01;-6.340859e+00
1094829700149025;8.518701e+00;5.897955e-01;-6.294893e+00
1094829720149025;8.475562e+00;8.795516e-01;-6.326943e+00
1094829740149025;8.573757e+00;1.142954e+00;-6.622037e+00
1094829760149025;9.113785e+00;7.732524e-01;-7.252843e+00
1094829780149025;1.001258e+01;1.626075e-02;-7.932706e+00
1094829800149025;1.082911e+01;-5.164240e-01;-8.635597e+00
1094829820149025;1.125905e+01;-5.110594e-01;-8.620725e+00
1094829840149025;1.100326e+01;2.859920e-01;-7.713534e+00
1094829860149025;1.069203e+01;1.051509e+00;-6.845065e+00
1094829880149025;1.051906e+01;1.166192e+00;-5.799484e+00
1094829900149025;9.732296e+00;8.446006e-01;-5.093144e+00
1094829920149025;8.796731e+00;5.069102e-01;-4.925605e+00
1094829940149025;8.347240e+00;2.814464e-01;-5.317578e+00
1094829960149025;7.874764e+00;1.982690e-01;-5.864283e+00
1094829980149025;7.534723e+00;-1.430901e-02;-5.947326e+00
1094830000149025;7.747597e+00;-5.818063e-01;-5.921704e+00
1094830020149025;8.057631e+00;-1.427376e+00;-6.020573e+00
1094830040149025;8.288122e+00;-2.232593e+00;-5.990270e+00
1094830060149025;8.754287e+00;-2.652436e+00;-5.801484e+00
1094830080149025;9.017400e+00;-2.532147e+00;-5.681580e+00
1094830100149025;8.790049e+00;-2.350338e+00;-5.802295e+00
1094830120149025;8.367146e+00;-2.568728e+00;-6.220190e+00
1094830140149025;7.794153e+00;-2.755702e+00;-6.322233e+00
1094830160149025;7.332498e+00;-2.607799e+00;-6.240925e+00
1094830180149025;7.198266e+00;-2.255915e+00;-5.358221e+00
1094830200149025;6.903292e+00;-2.588076e+00;-5.938156e+00
1094830220149025;6.450822e+00;-3.433807e+00;-6.551087e+00
1094830240149025;5.890540e+00;-4.154535e+00;-7.044583e+00
1094830260149025;5.805968e+00;-5.230898e+00;-7.381381e+00
1094830280149025;6.291484e+00;-6.105432e+00;-7.015545e+00
1094830300149025;7.206306e+00;-6.413660e+00;-6.612374e+00
1094830320149025;7.643724e+00;-6.347155e+00;-5.420313e+00
1094830340149025;7.287058e+00;-6.307373e+00;-5.073558e+00
1094830360149025;6.322956e+00;-6.671610e+00;-5.896284e+00
1094830380149025;5.135467e+00;-6.661152e+00;-6.208515e+00
1094830400149025;4.520744e+00;-6.317624e+00;-6.327383e+00
1094830420149025;4.301094e+00;-5.740157e+00;-4.966274e+00
1094830440149025;3.971058e+00;-4.513140e+00;-3.285609e+00
1094830460149025;3.097440e+00;-4.091856e+00;-3.186869e+00
1094830480149025;2.394563e+00;-4.063095e+00;-3.005503e+00
1094830500149025;1.724204e+00;-3.964651e+00;-2.984407e+00
1094830520149025;1.060790e+00;-4.704191e+00;-4.273530e+00
1094830540149025;7.892533e-01;-6.597908e+00;-5.006123e+00
1094830560149025;1.649745e+00;-9.109621e+00;-5.645594e+00
1094830580149025;5.525416e+00;-8.885796e+00;-3.770085e+00
1094830600149025;6.414025e+00;-7.349432e+00;-3.751735e+00
1094830620149025;5.459608e+00;-5.945281e+00;-4.109913e+00
1094830640149025;4.469253e+00;-5.121234e+00;-4.882613e+00
1094830660149025;3.916682e+00;-5.187763e+00;-4.936900e+00
1094830680149025;3.299782e+00;-6.063695e+00;-3.844371e+00
1094830700149025;4.971980e+00;-5.253398e+00;-3.371823e+00
1094830720149025;6.921283e+00;-4.944870e+00;-4.389758e+00
1094830740149025;7.206793e+00;-5.540779e+00;-5.464416e+00
1094830760149025;6.319287e+00;-5.620034e+00;-6.223751e+00
1094830780149025;5.984403e+00;-5.464519e+00;-6.499271e+00
1094830800149025;6.990950e+00;-5.273896e+00;-6.698113e+00
1094830820149025;7.825370e+00;-4.700359e+00;-5.916669e+00
1094830840149025;8.483009e+00;-4.279604e+00;-6.361494e+00
1094830860149025;8.605268e+00;-4.224023e+00;-6.757806e+00
1094830880149025;7.980916e+00;-3.540233e+00;-6.449496e+00
1094830900149025;7.537151e+00;-2.509019e+00;-6.149146e+00
1094830920149025;7.488992e+00;-2.236646e+00;-6.337714e+00
1094830940149025;7.368873e+00;-2.107148e+00;-6.103911e+00
1094830960149025;7.762819e+00;-1.338249e+00;-6.154912e+00
1094830980149025;8.090958e+00;-1.272551e+00;-6.461900e+00
1094831000149025;8.372007e+00;-1.328198e+00;-6.896234e+00
1094831020149025;8.571300e+00;-9.247353e-01;-6.810091e+00
1094831040149025;8.700658e+00;-4.955842e-01;-6.629324e+00
1094831060149025;8.781749e+00;-3.730782e-01;-6.444177e+00
1094831080149025;8.745617e+00;-2.034175e-01;-6.120050e+00
1094831100149025;8.856440e+00;1.175475e-01;-6.583077e+00
1094831120149025;9.123876e+00;3.490749e-01;-6.691818e+00
1094831140149025;9.042883e+00;5.887013e-01;-6.315909e+00
1094831160149025;8.730591e+00;9.579607e-01;-5.854645e+00
1094831180149025;8.485160e+00;1.168242e+00;-5.663525e+00
1094831200149025;8.494545e+00;9.777915e-01;-5.965023e+00
1094831220149025;8.759643e+00;6.306502e-01;-6.262028e+00
1094831240149025;9.116408e+00;3.385434e-01;-6.340755e+00
1094831260149025;9.592150e+00;9.199401e-02;-6.729566e+00
1094831280149025;1.005697e+01;-1.892003e-01;-7.294212e+00
1094831300149025;1.039920e+01;-3.543848e-01;-7.488453e+00
1094831320149025;1.050972e+01;-1.990507e-01;-7.119872e+00
1094831340149025;1.019688e+01;1.646561e-03;-6.780683e+00
1094831360149025;1.018435e+01;-4.751407e-01;-7.102910e+00
1094831380149025;1.070405e+01;-1.239866e+00;-7.995583e+00
1094831400149025;1.072337e+01;-1.645108e+00;-8.527636e+00
1094831420149025;1.039322e+01;-2.091745e+00;-8.182512e+00
1094831440149025;1.039523e+01;-2.040125e+00;-7.535653e+00
1094831460149025;1.027194e+01;-1.329686e+00;-6.547888e+00
1094831480149025;9.270448e+00;-8.284356e-01;-5.757134e+00
1094831500149025;7.746867e+00;-1.001290e+00;-5.100296e+00
1094831520149025;6.468211e+00;-1.417685e+00;-4.368280e+00
1094831540149025;5.917575e+00;-1.724365e+00;-4.390391e+00
1094831560149025;5.886089e+00;-2.354651e+00;-4.914047e+00
1094831580149025;5.970308e+00;-3.431039e+00;-5.159873e+00
1094831600149025;6.154577e+00;-4.171900e+00;-5.461020e+00
1094831620149025;6.456462e+00;-4.342946e+00;-5.330207e+00
1094831640149025;6.535703e+00;-4.501084e+00;-4.809723e+00
1094831660149025;6.272130e+00;-4.689046e+00;-4.528956e+00
1094831680149025;5.975265e+00;-4.964429e+00;-4.552029e+00
1094831700149025;5.608069e+00;-6.173838e+00;-5.218690e+00
1094831720149025;5.626041e+00;-8.103406e+00;-6.227764e+00
1094831740149025;5.919849e+00;-9.585269e+00;-6.675053e+00
1094831760149025;6.108114e+00;-9.779264e+00;-5.761914e+00
1094831780149025;5.917785e+00;-8.297671e+00;-3.708832e+00
1094831800149025;5.085213e+00;-6.398987e+00;-2.187004e+00
1094831820149025;4.246264e+00;-4.115578e+00;-9.538301e-01
1094831840149025;3.183978e+00;-2.937848e+00;-4.178395e-01
1094831860149025;1.944964e+00;-3.264333e+00;-4.193279e-01
1094831880149025;8.874727e-01;-4.343726e+00;-9.412077e-01
1094831900149025;2.714999e-01;-6.419812e+00;-2.648753e+00
1094831920149025;1.053542e+00;-8.890534e+00;-4.765411e+00
1094831940149025;2.598391e+00;-9.894338e+00;-4.196073e+00
1094831960149025;4.129693e+00;-9.208614e+00;-3.237538e+00
1094831980149025;5.520373e+00;-7.660905e+00;-2.544111e+00
1094832000149025;5.907009e+00;-6.895872e+00;-2.972374e+00
1094832020149025;5.085625e+00;-6.668390e+00;-3.185164e+00
1094832040149025;4.249964e+00;-7.145268e+00;-4.000504e+00
1094832060149025;4.942798e+00;-6.032333e+00;-4.068984e+00
1094832080149025;5.805148e+00;-4.514128e+00;-3.424901e+00
1094832100149025;6.224674e+00;-4.692251e+00;-4.207702e+00
1094832120149025;6.729079e+00;-5.329184e+00;-4.531692e+00
1094832140149025;6.871847e+00;-5.457762e+00;-5.422374e+00
1094832160149025;7.766058e+00;-5.144311e+00;-6.595381e+00
1094832180149025;8.814964e+00;-3.302570e+00;-7.274172e+00
1094832200149025;8.859652e+00;-2.698583e+00;-7.203558e+00
1094832220149025;8.274418e+00;-2.549037e+00;-7.166844e+00
1094832240149025;7.860189e+00;-2.298917e+00;-7.149391e+00
1094832260149025;8.052328e+00;-1.608133e+00;-6.795197e+00
1094832280149025;8.398797e+00;-9.150316e-01;-6.739280e+00
1094832300149025;8.451657e+00;-5.751726e-01;-6.936178e+00
1094832320149025;8.181342e+00;-4.296845e-01;-7.042230e+00
1094832340149025;8.015624e+00;-3.614648e-01;-7.017022e+00
1094832360149025;7.885000e+00;-3.920515e-01;-6.886062e+00
1094832380149025;8.088931e+00;-4.350421e-01;-7.152328e+00
1094832400149025;8.806260e+00;-4.298071e-01;-7.075977e+00
1094832420149025;9.109229e+00;-1.515430e-01;-6.926962e+00
1094832440149025;8.691065e+00;2.756077e-01;-6.736957e+00
1094832460149025;8.165545e+00;4.944200e-01;-6.432924e+00
1094832480149025;7.822995e+00;6.084189e-01;-6.379234e+00
1094832500149025;7.792249e+00;9.634067e-01;-5.977888e+00
1094832520149025;7.711154e+00;1.439068e+00;-5.377927e+00
1094832540149025;7.353425e+00;1.737207e+00;-4.809356e+00
1094832560149025;7.089980e+00;1.922242e+00;-4.637320e+00
1094832580149025;7.379111e+00;2.015312e+00;-5.264280e+00
1094832600149025;8.592213e+00;1.950209e+00;-6.599570e+00
1094832620149025;1.022282e+01;1.350061e+00;-7.496341e+00
1094832640149025;1.141128e+01;6.094500e-01;-8.219164e+00
1094832660149025;1.188506e+01;1.332435e-01;-8.324776e+00
1094832680149025;1.198840e+01;-2.268377e-01;-8.091324e+00
1094832700149025;1.148590e+01;-1.778592e-01;-7.332876e+00
1094832720149025;1.092127e+01;1.094471e-01;-7.180502e+00
1094832740149025;1.075631e+01;3.582745e-01;-7.474946e+00
1094832760149025;1.017329e+01;4.343275e-01;-7.929512e+00
1094832780149025;9.233206e+00;5.449142e-02;-8.292598e+00
1094832800149025;8.522596e+00;-4.256209e-01;-7.600465e+00
1094832820149025;7.879494e+00;-4.319079e-01;-6.470606e+00
1094832840149025;7.366295e+00;-1.989690e-01;-5.545006e+00
1094832860149025;7.247936e+00;-5.360492e-01;-5.250373e+00
1094832880149025;7.280753e+00;-1.595840e+00;-5.885932e+00
1094832900149025;6.911204e+00;-2.612951e+00;-6.571176e+00
1094832920149025;6.364545e+00;-2.879696e+00;-6.816988e+00
1094832940149025;6.608140e+00;-2.677943e+00;-6.965312e+00
1094832960149025;7.377208e+00;-2.738262e+00;-6.811138e+00
1094832980149025;7.192563e+00;-3.169948e+00;-6.395513e+00
1094833000149025;6.547843e+00;-3.840279e+00;-6.259436e+00
1094833020149025;6.471242e+00;-4.407216e+00;-5.839694e+00
1094833040149025;6.563698e+00;-4.376533e+00;-5.259188e+00
1094833060149025;6.679971e+00;-4.404191e+00;-5.385242e+00
1094833080149025;6.085078e+00;-5.043986e+00;-5.497839e+00
1094833100149025;5.341434e+00;-5.362813e+00;-5.177842e+00
1094833120149025;4.944929e+00;-5.118745e+00;-4.670147e+00
1094833140149025;4.753567e+00;-5.396478e+00;-4.711506e+00
1094833160149025;4.916255e+00;-6.334225e+00;-4.762619e+00
1094833180149025;5.093528e+00;-7.277721e+00;-4.684292e+00
1094833200149025;4.967695e+00;-8.419874e+00;-5.058536e+00
1094833220149025;5.063932e+00;-9.176397e+00;-4.645499e+00
1094833240149025;5.404787e+00;-8.106835e+00;-2.976705e+00
1094833260149025;5.603088e+00;-5.196753e+00;-1.652259e+00
1094833280149025;4.867190e+00;-2.825378e+00;-1.645353e+00
1094833300149025;2.976161e+00;-2.589005e+00;-2.922810e+00
1094833320149025;1.301482e+00;-3.929516e+00;-4.291679e+00
1094833340149025;7.675997e-01;-6.069640e+00;-5.177335e+00
1094833360149025;2.094673e+00;-8.065011e+00;-5.517105e+00
1094833380149025;5.902858e+00;-8.216838e+00;-4.219130e+00
1094833400149025;6.679918e+00;-7.613485e+00;-3.521409e+00
1094833420149025;6.429415e+00;-7.095617e+00;-3.478454e+00
1094833440149025;5.505750e+00;-6.336433e+00;-4.153281e+00
1094833460149025;4.798225e+00;-6.000148e+00;-4.870814e+00
1094833480149025;5.175745e+00;-5.615670e+00;-5.454825e+00
1094833500149025;5.876918e+00;-5.099249e+00;-5.316751e+00
1094833520149025;6.577939e+00;-4.777781e+00;-4.829070e+00
1094833540149025;6.199307e+00;-5.200167e+00;-5.252113e+00
1094833560149025;6.874548e+00;-4.712089e+00;-5.345925e+00
1094833580149025;7.588189e+00;-3.693241e+00;-5.837957e+00
1094833600149025;8.554932e+00;-2.804950e+00;-6.463072e+00
1094833620149025;7.140949e+00;-2.986273e+00;-7.375714e+00
1094833640149025;5.483109e+00;-3.538460e+00;-8.037848e+00
1094833660149025;6.161368e+00;-3.081205e+00;-7.816505e+00
1094833680149025;8.481522e+00;-1.907067e+00;-6.993906e+00
1094833700149025;9.632632e+00;-1.351150e+00;-7.291542e+00
1094833720149025;8.629925e+00;-1.628009e+00;-7.919134e+00
1094833740149025;7.801345e+00;-1.716912e+00;-7.785167e+00
1094833760149025;8.002560e+00;-1.138121e+00;-7.376928e+00
1094833780149025;8.422791e+00;1.345100e-01;-7.161186e+00
1094833800149025;7.449518e+00;-4.200492e-02;-7.588735e+00
1094833820149025;7.459957e+00;1.731029e-01;-7.250284e+00
1094833840149025;7.743241e+00;6.399283e-01;-7.086399e+00
1094833860149025;7.648538e+00;7.963721e-01;-7.012378e+00
1094833880149025;7.577396e+00;7.314744e-01;-6.951911e+00
1094833900149025;7.691304e+00;7.380112e-01;-6.588808e+00
1094833920149025;7.569070e+00;7.758728e-01;-6.419290e+00
1094833940149025;7.510834e+00;8.837162e-01;-6.571957e+00
1094833960149025;7.192393e+00;8.770321e-01;-6.780164e+00
1094833980149025;7.462795e+00;1.063032e+00;-6.651987e+00
1094834000149025;7.917325e+00;1.292616e+00;-6.638463e+00
1094834020149025;8.404637e+00;1.248190e+00;-6.680782e+00
1094834040149025;8.841703e+00;1.129176e+00;-6.599935e+00
1094834060149025;9.174993e+00;1.084094e+00;-6.731595e+00
1094834080149025;9.423832e+00;1.056978e+00;-6.622460e+00
1094834100149025;9.468315e+00;1.063852e+00;-6.870613e+00
1094834120149025;9.475194e+00;1.194021e+00;-6.969618e+00
1094834140149025;9.362978e+00;1.288856e+00;-6.636308e+00
1094834160149025;9.162642e+00;1.211296e+00;-6.683117e+00
1094834180149025;8.800327e+00;1.103383e+00;-6.841128e+00
1094834200149025;8.335075e+00;8.633847e-01;-7.028287e+00
1094834220149025;8.473217e+00;7.049891e-01;-7.359287e+00
1094834240149025;8.781431e+00;6.337279e-01;-7.525317e+00
1094834260149025;8.560905e+00;4.590264e-01;-7.357968e+00
1094834280149025;7.895008e+00;3.970600e-01;-7.119221e+00
1094834300149025;7.434370e+00;2.048430e-01;-6.878249e+00
1094834320149025;7.551676e+00;-2.884645e-01;-6.728177e+00
1094834340149025;7.838023e+00;-7.794431e-01;-6.386250e+00
1094834360149025;7.697317e+00;-1.128071e+00;-6.018320e+00
1094834380149025;7.295373e+00;-1.271859e+00;-5.966414e+00
1094834400149025;7.091822e+00;-1.394831e+00;-6.151021e+00
1094834420149025;6.937619e+00;-1.767006e+00;-6.398367e+00
1094834440149025;6.567820e+00;-2.506093e+00;-6.709521e+00
1094834460149025;6.202005e+00;-3.255219e+00;-6.835539e+00
1094834480149025;6.246159e+00;-3.579527e+00;-6.359933e+00
1094834500149025;6.768468e+00;-3.755967e+00;-6.029148e+00
1094834520149025;7.318068e+00;-4.152564e+00;-6.095420e+00
1094834540149025;7.229703e+00;-4.542108e+00;-6.111445e+00
1094834560149025;6.644489e+00;-4.784363e+00;-6.449046e+00
1094834580149025;6.247000e+00;-4.906721e+00;-6.514709e+00
1094834600149025;6.021732e+00;-5.006116e+00;-6.008845e+00
1094834620149025;5.831625e+00;-5.378870e+00;-5.696234e+00
1094834640149025;5.792931e+00;-5.857336e+00;-5.607401e+00
1094834660149025;5.908723e+00;-5.906936e+00;-5.630505e+00
1094834680149025;5.939408e+00;-5.196863e+00;-5.307378e+00
1094834700149025;5.518719e+00;-4.660424e+00;-5.031031e+00
1094834720149025;4.724066e+00;-5.259431e+00;-5.007522e+00
1094834740149025;4.358015e+00;-6.414589e+00;-5.245084e+00
1094834760149025;4.662233e+00;-7.022175e+00;-5.541166e+00
1094834780149025;4.968777e+00;-7.094363e+00;-5.662655e+00
1094834800149025;4.923226e+00;-7.280679e+00;-5.183213e+00
1094834820149025;4.779073e+00;-7.428854e+00;-3.950529e+00
1094834840149025;4.686207e+00;-6.982074e+00;-3.016156e+00
1094834860149025;4.459007e+00;-6.311650e+00;-2.824279e+00
1094834880149025;4.240466e+00;-5.779949e+00;-3.331907e+00
1094834900149025;3.993752e+00;-5.707184e+00;-4.063389e+00
1094834920149025;4.031577e+00;-5.749685e+00;-5.235343e+00
1094834940149025;4.168135e+00;-5.596827e+00;-5.685776e+00
1094834960149025;3.860676e+00;-6.538937e+00;-3.941300e+00
1094834980149025;5.516521e+00;-7.171996e+00;-1.944461e+00
1094835000149025;7.955411e+00;-5.456862e+00;-3.206659e+00
1094835020149025;7.367440e+00;-5.495621e+00;-5.247687e+00
1094835040149025;4.664551e+00;-5.652744e+00;-6.909185e+00
1094835060149025;3.620350e+00;-5.518871e+00;-7.586696e+00
1094835080149025;5.557117e+00;-4.785230e+00;-7.667344e+00
1094835100149025;7.452281e+00;-4.147412e+00;-6.875442e+00
1094835120149025;7.619467e+00;-3.321744e+00;-5.480958e+00
1094835140149025;7.034129e+00;-2.051134e+00;-5.093738e+00
1094835160149025;6.683851e+00;-1.353657e+00;-5.559631e+00
1094835180149025;6.583824e+00;-1.113887e+00;-6.791044e+00
1094835200149025;6.303107e+00;-1.121137e+00;-7.089924e+00
1094835220149025;6.218951e+00;-1.324386e+00;-6.954881e+00
1094835240149025;7.170829e+00;-1.602313e+00;-7.583199e+00
1094835260149025;8.480570e+00;-1.670734e+00;-8.302767e+00
1094835280149025;9.251583e+00;-1.352017e+00;-8.082477e+00
1094835300149025;9.626263e+00;-9.226956e-01;-7.931315e+00
1094835320149025;9.552473e+00;-9.174351e-01;-8.072054e+00
1094835340149025;9.071130e+00;-8.740755e-01;-8.294882e+00
1094835360149025;8.651032e+00;-3.967077e-01;-7.938877e+00
1094835380149025;1.150103e+01;-3.244819e-01;-7.405213e+00
1094835400149025;7.325825e+00;7.598726e-01;-5.301832e+00
1094835420149025;7.307337e+00;6.364903e-01;-5.743555e+00
1094835440149025;7.101299e+00;9.323466e-01;-5.310625e+00
1094835460149025;7.055064e+00;1.288973e+00;-5.327048e+00
1094835480149025;6.591935e+00;9.833156e-01;-5.726975e+00
1094835500149025;6.379056e+00;2.402676e-01;-6.554834e+00
1094835520149025;6.774449e+00;-6.813088e-03;-6.510589e+00
1094835540149025;8.140247e+00;9.239719e-01;-7.031256e+00
1094835560149025;1.021489e+01;1.913730e+00;-7.778006e+00
1094835580149025;1.069587e+01;2.442758e+00;-6.877695e+00
1094835600149025;9.629432e+00;2.115237e+00;-5.649057e+00
1094835620149025;8.617728e+00;1.464244e+00;-4.864197e+00
1094835640149025;8.442241e+00;1.348260e+00;-5.046075e+00
1094835660149025;8.466295e+00;1.110690e+00;-5.755480e+00
1094835680149025;8.457830e+00;6.065667e-01;-6.911806e+00
1094835700149025;8.862363e+00;9.411029e-02;-7.714104e+00
1094835720149025;1.039267e+01;-3.151810e-01;-8.064742e+00
1094835740149025;1.220352e+01;-8.037929e-01;-6.825291e+00
1094835760149025;1.172226e+01;-2.565662e-01;-5.562572e+00
1094835780149025;1.029401e+01;-8.685862e-02;-5.526600e+00
1094835800149025;9.016963e+00;-3.445514e-01;-6.249566e+00
1094835820149025;8.159590e+00;-7.981910e-01;-7.064037e+00
1094835840149025;7.546931e+00;-1.470475e+00;-7.189350e+00
1094835860149025;7.028337e+00;-2.141844e+00;-6.920895e+00
1094835880149025;7.315003e+00;-2.599004e+00;-6.558219e+00
1094835900149025;8.276329e+00;-2.773901e+00;-6.272322e+00
1094835920149025;8.401226e+00;-2.697948e+00;-5.978555e+00
1094835940149025;7.526899e+00;-2.656569e+00;-5.792104e+00
1094835960149025;6.750463e+00;-2.693617e+00;-5.775200e+00
1094835980149025;6.400720e+00;-2.727252e+00;-5.969514e+00
1094836000149025;5.933399e+00;-3.153814e+00;-6.393785e+00
1094836020149025;5.537837e+00;-4.320414e+00;-6.519261e+00
1094836040149025;5.818426e+00;-5.556106e+00;-6.543636e+00
1094836060149025;6.557603e+00;-5.881318e+00;-6.222678e+00
1094836080149025;6.842268e+00;-5.476834e+00;-5.731985e+00
1094836100149025;6.282819e+00;-5.809599e+00;-5.989014e+00
1094836120149025;5.383373e+00;-6.792034e+00;-6.155111e+00
1094836140149025;4.793264e+00;-6.946264e+00;-5.497175e+00
1094836160149025;4.595615e+00;-6.110585e+00;-4.617411e+00
1094836180149025;4.343361e+00;-5.311039e+00;-3.927871e+00
1094836200149025;3.816181e+00;-5.436406e+00;-3.990942e+00
1094836220149025;3.090508e+00;-6.007191e+00;-4.386812e+00
1094836240149025;2.319282e+00;-6.321522e+00;-3.728755e+00
1094836260149025;2.126679e+00;-5.468404e+00;-2.289786e+00
1094836280149025;2.836446e+00;-4.189782e+00;-1.794878e+00
1094836300149025;3.164772e+00;-4.957842e+00;-2.617462e+00
1094836320149025;2.789679e+00;-7.341525e+00;-3.668751e+00
1094836340149025;3.341254e+00;-8.881086e+00;-4.178165e+00
1094836360149025;4.936675e+00;-8.720901e+00;-3.807138e+00
1094836380149025;6.373395e+00;-7.695525e+00;-3.455525e+00
1094836400149025;6.781276e+00;-7.054480e+00;-3.503530e+00
1094836420149025;6.246487e+00;-6.432289e+00;-3.955625e+00
1094836440149025;5.963087e+00;-5.717066e+00;-4.600354e+00
1094836460149025;5.623333e+00;-5.714715e+00;-4.743798e+00
1094836480149025;4.072689e+00;-6.620680e+00;-4.721625e+00
1094836500149025;4.716551e+00;-5.919390e+00;-4.724415e+00
1094836520149025;7.382763e+00;-4.612022e+00;-4.826308e+00
1094836540149025;8.663566e+00;-4.346487e+00;-5.061220e+00
1094836560149025;7.656551e+00;-4.209893e+00;-5.302187e+00
1094836580149025;6.718713e+00;-3.623587e+00;-6.590957e+00
1094836600149025;7.890523e+00;-3.898767e+00;-7.422072e+00
1094836620149025;8.818696e+00;-3.520713e+00;-6.830948e+00
1094836640149025;8.473724e+00;-2.483920e+00;-6.427514e+00
1094836660149025;8.502668e+00;-2.165509e+00;-7.435833e+00
1094836680149025;9.026864e+00;-2.224622e+00;-8.149574e+00
1094836700149025;8.520070e+00;-1.932067e+00;-7.699835e+00
1094836720149025;7.918559e+00;-1.178376e+00;-7.097406e+00
1094836740149025;7.949735e+00;-5.852034e-01;-6.723804e+00
1094836760149025;8.331264e+00;-2.268604e-01;-6.392881e+00
1094836780149025;8.232593e+00;-3.881166e-03;-6.160171e+00
1094836800149025;7.621745e+00;-8.054773e-02;-6.290318e+00
1094836820149025;7.442654e+00;-2.364710e-01;-6.542971e+00
1094836840149025;7.802915e+00;-2.443359e-01;-6.327813e+00
1094836860149025;8.002108e+00;2.102926e-01;-5.882558e+00
1094836880149025;8.044838e+00;4.710933e-01;-5.836636e+00
1094836900149025;8.066458e+00;3.976605e-01;-5.734994e+00
1094836920149025;8.020530e+00;4.943577e-01;-5.734646e+00
1094836940149025;7.757352e+00;8.705444e-01;-5.713133e+00
1094836960149025;7.785585e+00;1.136494e+00;-5.917894e+00
1094836980149025;8.673735e+00;1.110153e+00;-6.459625e+00
1094837000149025;9.448075e+00;1.077466e+00;-6.717740e+00
1094837020149025;1.000269e+01;9.224390e-01;-6.950482e+00
1094837040149025;1.052503e+01;4.929922e-01;-7.068847e+00
1094837060149025;1.105492e+01;1.261510e-01;-6.822627e+00
1094837080149025;1.095874e+01;3.687452e-01;-6.683053e+00
1094837100149025;1.081296e+01;9.689665e-01;-6.317953e+00
1094837120149025;1.033897e+01;1.143452e+00;-6.141748e+00
1094837140149025;9.664888e+00;6.072015e-01;-6.434612e+00
1094837160149025;8.972485e+00;3.678734e-01;-6.144178e+00
1094837180149025;8.633075e+00;5.926572e-01;-5.718864e+00
1094837200149025;9.008181e+00;2.162883e-01;-5.454822e+00
1094837220149025;9.680083e+00;-4.556031e-01;-5.204068e+00
1094837240149025;9.454949e+00;-1.237233e+00;-5.262581e+00
1094837260149025;9.197150e+00;-1.902532e+00;-5.701715e+00
1094837280149025;9.290167e+00;-2.100543e+00;-5.601785e+00
1094837300149025;9.454317e+00;-1.871606e+00;-5.457066e+00
1094837320149025;9.276561e+00;-1.475699e+00;-5.403189e+00
1094837340149025;8.562437e+00;-1.335262e+00;-5.352696e+00
1094837360149025;7.084032e+00;-1.893276e+00;-4.712413e+00
1094837380149025;6.620431e+00;-2.512899e+00;-4.227745e+00
1094837400149025;7.307674e+00;-2.642380e+00;-4.551504e+00
1094837420149025;7.930824e+00;-3.012920e+00;-5.447695e+00
1094837440149025;8.066778e+00;-4.021789e+00;-6.103083e+00
1094837460149025;7.703981e+00;-4.994390e+00;-5.729791e+00
1094837480149025;7.659704e+00;-4.760132e+00;-5.013939e+00
1094837500149025;8.046416e+00;-4.291163e+00;-5.294754e+00
1094837520149025;7.869240e+00;-4.232518e+00;-5.397012e+00
1094837540149025;7.026423e+00;-4.376762e+00;-5.092725e+00
1094837560149025;6.471570e+00;-4.785084e+00;-4.992701e+00
1094837580149025;6.824655e+00;-6.146917e+00;-5.787273e+00
1094837600149025;7.479734e+00;-7.115236e+00;-5.933353e+00
1094837620149025;7.745324e+00;-6.996594e+00;-5.451630e+00
1094837640149025;7.510407e+00;-6.768798e+00;-5.149228e+00
1094837660149025;6.688898e+00;-6.354090e+00;-4.075084e+00
1094837680149025;6.070391e+00;-5.322668e+00;-3.034257e+00
1094837700149025;5.683561e+00;-4.114934e+00;-3.006967e+00
1094837720149025;4.667944e+00;-3.620857e+00;-3.238403e+00
1094837740149025;3.358362e+00;-4.329687e+00;-3.512750e+00
1094837760149025;2.938908e+00;-6.240249e+00;-3.738287e+00
1094837780149025;3.904849e+00;-8.028844e+00;-3.579809e+00
1094837800149025;5.124951e+00;-8.255121e+00;-3.048308e+00
1094837820149025;5.935465e+00;-8.048852e+00;-2.824315e+00
1094837840149025;5.989148e+00;-7.817864e+00;-3.377191e+00
1094837860149025;5.559332e+00;-7.507813e+00;-3.844534e+00
1094837880149025;5.360914e+00;-7.048868e+00;-3.937026e+00
1094837900149025;5.558735e+00;-6.367570e+00;-3.790031e+00
1094837920149025;5.818532e+00;-5.932257e+00;-3.899602e+00
1094837940149025;5.933894e+00;-6.012890e+00;-3.923051e+00
1094837960149025;6.280062e+00;-6.042415e+00;-3.768823e+00
1094837980149025;6.794946e+00;-5.889916e+00;-3.781327e+00
1094838000149025;6.778324e+00;-6.034569e+00;-3.768401e+00
1094838020149025;6.446764e+00;-6.178474e+00;-3.804280e+00
1094838040149025;6.837999e+00;-5.646013e+00;-4.462471e+00
1094838060149025;7.319972e+00;-5.046999e+00;-4.997295e+00
1094838080149025;7.222010e+00;-4.659847e+00;-5.325204e+00
1094838100149025;7.005805e+00;-4.544729e+00;-5.808132e+00
1094838120149025;6.785322e+00;-4.565504e+00;-5.947965e+00
1094838140149025;7.165171e+00;-4.192347e+00;-5.626961e+00
1094838160149025;7.692951e+00;-3.624130e+00;-5.665238e+00
1094838180149025;7.352586e+00;-3.088614e+00;-6.214164e+00
1094838200149025;7.300232e+00;-2.589941e+00;-6.486973e+00
1094838220149025;7.783154e+00;-2.301974e+00;-6.950093e+00
1094838240149025;7.977626e+00;-1.939466e+00;-6.685347e+00
1094838260149025;8.024941e+00;-1.533329e+00;-6.695521e+00
1094838280149025;8.186703e+00;-1.161418e+00;-6.358212e+00
1094838300149025;8.090484e+00;-8.233117e-01;-6.173047e+00
1094838320149025;7.979968e+00;-5.930325e-01;-6.489246e+00
1094838340149025;7.862305e+00;-4.600569e-01;-6.451685e+00
1094838360149025;7.848006e+00;-3.262842e-01;-6.310119e+00
1094838380149025;7.934574e+00;-2.039415e-01;-6.593240e+00
1094838400149025;8.061007e+00;4.277181e-02;-6.201749e+00
1094838420149025;8.079121e+00;4.166695e-01;-5.945392e+00
1094838440149025;8.223035e+00;6.826174e-01;-6.165649e+00
1094838460149025;8.464406e+00;5.912247e-01;-6.383585e+00
1094838480149025;8.562202e+00;5.808822e-01;-6.416265e+00
1094838500149025;8.542766e+00;7.730958e-01;-6.315357e+00
1094838520149025;8.924553e+00;8.349966e-01;-6.526554e+00
1094838540149025;9.818945e+00;6.270949e-01;-7.030989e+00
1094838560149025;1.050041e+01;1.671305e-01;-6.903243e+00
1094838580149025;1.096974e+01;-4.150251e-01;-7.230728e+00
1094838600149025;1.111979e+01;-3.353991e-01;-6.906106e+00
1094838620149025;1.080994e+01;4.715726e-02;-6.266928e+00
1094838640149025;1.024169e+01;6.229004e-01;-5.884957e+00
1094838660149025;9.527743e+00;8.745710e-01;-5.766528e+00
1094838680149025;8.656848e+00;7.081022e-01;-6.026442e+00
1094838700149025;8.069954e+00;2.945404e-01;-6.191627e+00
1094838720149025;7.820185e+00;-1.652786e-01;-5.884863e+00
1094838740149025;7.878486e+00;-8.810740e-01;-5.543318e+00
1094838760149025;8.167313e+00;-1.394057e+00;-5.383554e+00
1094838780149025;8.600906e+00;-1.454563e+00;-5.608546e+00
1094838800149025;9.080176e+00;-1.644052e+00;-5.713190e+00
1094838820149025;8.945829e+00;-2.172887e+00;-5.785039e+00
1094838840149025;8.711421e+00;-2.939513e+00;-6.539901e+00
1094838860149025;9.206997e+00;-3.603802e+00;-7.211247e+00
1094838880149025;9.696814e+00;-3.710848e+00;-7.357740e+00
1094838900149025;9.508502e+00;-3.637936e+00;-6.877567e+00
1094838920149025;9.265132e+00;-3.657629e+00;-6.325093e+00
1094838940149025;8.971693e+00;-3.602005e+00;-6.035363e+00
1094838960149025;7.682143e+00;-3.455054e+00;-5.924429e+00
1094838980149025;6.653851e+00;-3.450355e+00;-5.479983e+00
1094839000149025;6.241364e+00;-3.323189e+00;-4.877673e+00
1094839020149025;5.986394e+00;-3.208115e+00;-4.724278e+00
1094839040149025;5.562267e+00;-3.543833e+00;-4.855092e+00
1094839060149025;4.854574e+00;-3.807883e+00;-4.713054e+00
1094839080149025;4.478650e+00;-4.316701e+00;-4.783649e+00
1094839100149025;4.719917e+00;-5.131824e+00;-5.111781e+00
1094839120149025;4.833417e+00;-5.921358e+00;-5.332854e+00
1094839140149025;4.905230e+00;-6.987816e+00;-5.615693e+00
1094839160149025;5.229510e+00;-7.972462e+00;-5.815617e+00
1094839180149025;5.438452e+00;-8.068846e+00;-5.682989e+00
1094839200149025;5.482363e+00;-8.112585e+00;-5.723931e+00
1094839220149025;5.350848e+00;-8.621744e+00;-5.715769e+00
1094839240149025;5.162353e+00;-8.615415e+00;-5.337963e+00
1094839260149025;5.052119e+00;-7.660498e+00;-4.748894e+00
1094839280149025;4.755443e+00;-6.840727e+00;-4.159654e+00
1094839300149025;4.102476e+00;-6.807539e+00;-3.588106e+00
1094839320149025;3.414814e+00;-6.660827e+00;-2.907412e+00
1094839340149025;2.932941e+00;-6.017377e+00;-2.334375e+00
1094839360149025;2.235618e+00;-6.184198e+00;-2.250839e+00
1094839380149025;1.767386e+00;-7.440429e+00;-2.605357e+00
1094839400149025;2.263953e+00;-8.733793e+00;-2.970397e+00
1094839420149025;2.729564e+00;-9.688334e+00;-3.226472e+00
1094839440149025;3.108324e+00;-9.348592e+00;-3.007553e+00
1094839460149025;3.692791e+00;-8.380745e+00;-2.687107e+00
1094839480149025;4.140321e+00;-7.511770e+00;-2.980905e+00
1094839500149025;4.170023e+00;-6.822094e+00;-3.456528e+00
1094839520149025;3.930790e+00;-6.315927e+00;-3.577730e+00
1094839540149025;3.811151e+00;-6.443626e+00;-3.806910e+00
1094839560149025;4.329323e+00;-6.544268e+00;-3.931040e+00
1094839580149025;5.195339e+00;-6.092657e+00;-3.493577e+00
1094839600149025;5.799202e+00;-5.714883e+00;-3.715218e+00
1094839620149025;6.158706e+00;-6.147540e+00;-4.901085e+00
1094839640149025;6.184767e+00;-6.324513e+00;-5.703075e+00
1094839660149025;6.051401e+00;-5.817514e+00;-5.848281e+00
1094839680149025;6.699407e+00;-5.167219e+00;-6.352517e+00
1094839700149025;7.319376e+00;-4.689897e+00;-6.629703e+00
1094839720149025;7.193451e+00;-5.008636e+00;-7.389686e+00
1094839740149025;7.623583e+00;-4.833717e+00;-7.425832e+00
1094839760149025;7.710350e+00;-3.724484e+00;-6.862578e+00
1094839780149025;7.872288e+00;-2.419803e+00;-6.586922e+00
1094839800149025;7.701891e+00;-1.702593e+00;-6.299533e+00
1094839820149025;7.642801e+00;-1.152184e+00;-6.223948e+00
1094839840149025;7.466419e+00;-8.860907e-01;-6.394823e+00
1094839860149025;7.070542e+00;-7.713860e-01;-6.647766e+00
1094839880149025;7.204247e+00;-4.415627e-01;-6.676452e+00
1094839900149025;7.847545e+00;-3.161319e-02;-6.704368e+00
1094839920149025;8.629457e+00;2.485014e-01;-6.703848e+00
1094839940149025;8.902571e+00;1.937321e-01;-6.726329e+00
1094839960149025;8.812193e+00;1.120222e-01;-6.743347e+00
1094839980149025;8.515109e+00;1.827983e-01;-6.450251e+00
1094840000149025;8.661356e+00;5.635930e-01;-6.569286e+00
1094840020149025;9.142152e+00;8.246960e-01;-6.642888e+00
1094840040149025;9.441245e+00;1.028486e+00;-6.459761e+00
1094840060149025;9.167071e+00;1.176119e+00;-6.047326e+00
1094840080149025;8.846971e+00;1.190574e+00;-6.004574e+00
1094840100149025;8.737000e+00;1.182082e+00;-6.250105e+00
1094840120149025;8.987392e+00;1.185877e+00;-6.415698e+00
1094840140149025;9.343041e+00;1.265604e+00;-6.388519e+00
1094840160149025;9.540893e+00;1.222525e+00;-6.521924e+00
1094840180149025;9.481380e+00;9.493448e-01;-6.685934e+00
1094840200149025;9.423006e+00;8.059727e-01;-6.729812e+00
1094840220149025;9.803608e+00;9.962125e-01;-6.399907e+00
1094840240149025;9.953436e+00;1.158360e+00;-6.397263e+00
1094840260149025;9.825702e+00;1.161395e+00;-6.711102e+00
1094840280149025;9.372932e+00;1.033708e+00;-6.693315e+00
1094840300149025;8.780135e+00;7.966590e-01;-6.416148e+00
1094840320149025;8.411068e+00;3.641245e-01;-5.853004e+00
1094840340149025;8.441057e+00;1.734040e-01;-5.797512e+00
1094840360149025;8.415225e+00;1.164805e-01;-5.653182e+00
1094840380149025;8.609145e+00;-1.934175e-01;-5.760163e+00
1094840400149025;8.794626e+00;-6.348418e-01;-5.811798e+00
1094840420149025;8.416133e+00;-1.025233e+00;-5.888303e+00
1094840440149025;7.960834e+00;-1.321146e+00;-6.468501e+00
1094840460149025;7.915347e+00;-1.720725e+00;-6.998699e+00
1094840480149025;8.025794e+00;-2.226477e+00;-7.163063e+00
1094840500149025;8.051880e+00;-2.690307e+00;-6.736097e+00
1094840520149025;7.773764e+00;-3.199678e+00;-6.711608e+00
1094840540149025;7.402508e+00;-3.626016e+00;-6.869561e+00
1094840560149025;7.672657e+00;-2.934134e+00;-6.032374e+00
1094840580149025;7.366414e+00;-2.342155e+00;-5.225555e+00
1094840600149025;6.474531e+00;-2.927075e+00;-5.212951e+00
1094840620149025;5.841514e+00;-4.027490e+00;-5.688369e+00
1094840640149025;5.839652e+00;-4.643312e+00;-6.214486e+00
1094840660149025;6.271711e+00;-4.873018e+00;-6.457264e+00
1094840680149025;6.334840e+00;-5.104497e+00;-6.054924e+00
1094840700149025;5.916615e+00;-5.264461e+00;-5.416541e+00
1094840720149025;5.459955e+00;-5.503157e+00;-5.342661e+00
1094840740149025;5.415351e+00;-5.947974e+00;-5.563942e+00
1094840760149025;5.434796e+00;-6.338326e+00;-5.614024e+00
1094840780149025;5.242801e+00;-6.713926e+00;-5.662636e+00
1094840800149025;4.902700e+00;-7.337383e+00;-5.584626e+00
1094840820149025;4.713310e+00;-7.789713e+00;-5.381393e+00
1094840840149025;4.575255e+00;-7.751994e+00;-5.036618e+00
1094840860149025;4.142731e+00;-7.608874e+00;-4.555102e+00
1094840880149025;3.694229e+00;-7.301545e+00;-3.837738e+00
1094840900149025;3.415254e+00;-6.327667e+00;-2.874698e+00
1094840920149025;3.135743e+00;-4.920554e+00;-2.152771e+00
1094840940149025;2.524630e+00;-4.116861e+00;-1.998245e+00
1094840960149025;1.480887e+00;-5.835391e+00;-3.295676e+00
1094840980149025;1.586480e+00;-8.594468e+00;-5.127490e+00
1094841000149025;3.659681e+00;-8.667872e+00;-5.354913e+00
1094841020149025;5.594903e+00;-8.212879e+00;-5.168152e+00
1094841040149025;6.162927e+00;-7.813706e+00;-4.767114e+00
1094841060149025;5.754921e+00;-7.201208e+00;-4.687458e+00
1094841080149025;5.556532e+00;-6.412284e+00;-4.796914e+00
1094841100149025;5.570816e+00;-5.817618e+00;-5.281021e+00
1094841120149025;5.533003e+00;-5.450682e+00;-5.639517e+00
1094841140149025;5.796006e+00;-5.141462e+00;-5.678146e+00
1094841160149025;6.358036e+00;-4.706422e+00;-5.505122e+00
1094841180149025;6.710767e+00;-4.395609e+00;-5.806018e+00
1094841200149025;6.825846e+00;-4.313019e+00;-6.239613e+00
1094841220149025;6.588956e+00;-4.004930e+00;-6.468265e+00
1094841240149025;6.413148e+00;-3.369854e+00;-6.579759e+00
1094841260149025;6.758837e+00;-2.888821e+00;-6.647067e+00
1094841280149025;7.237927e+00;-2.633226e+00;-6.513752e+00
1094841300149025;7.108777e+00;-2.501399e+00;-5.943700e+00
1094841320149025;6.561391e+00;-2.785986e+00;-5.924749e+00
1094841340149025;6.780033e+00;-2.677537e+00;-6.271045e+00
1094841360149025;7.544538e+00;-2.042921e+00;-6.636579e+00
1094841380149025;8.067494e+00;-1.531317e+00;-7.446096e+00
1094841400149025;8.134385e+00;-1.502462e+00;-7.370346e+00
1094841420149025;8.097060e+00;-9.125698e-01;-6.884057e+00
1094841440149025;8.359460e+00;-4.013238e-01;-6.949539e+00
1094841460149025;8.698288e+00;7.120376e-02;-6.896805e+00
1094841480149025;8.881368e+00;3.997472e-01;-6.922713e+00
1094841500149025;8.802900e+00;3.199658e-01;-7.095470e+00
1094841520149025;8.451670e+00;4.446383e-01;-6.737004e+00
1094841540149025;8.183287e+00;9.589038e-01;-6.341887e+00
1094841560149025;8.276235e+00;1.337708e+00;-6.424838e+00
1094841580149025;8.317537e+00;1.339463e+00;-6.183734e+00
1094841600149025;8.032034e+00;1.137365e+00;-5.705633e+00
1094841620149025;7.722169e+00;1.048440e+00;-5.565111e+00
1094841640149025;7.687019e+00;1.278089e+00;-5.895527e+00
1094841660149025;8.184865e+00;1.575237e+00;-6.051379e+00
1094841680149025;8.750095e+00;1.736239e+00;-6.297111e+00
1094841700149025;8.885341e+00;1.773039e+00;-6.189344e+00
1094841720149025;8.493152e+00;1.688212e+00;-5.901830e+00
1094841740149025;8.278678e+00;1.573231e+00;-5.633748e+00
1094841760149025;8.679641e+00;1.397995e+00;-5.787862e+00
1094841780149025;9.813809e+00;1.319982e+00;-5.983626e+00
1094841800149025;9.908357e+00;8.996962e-01;-6.401479e+00
1094841820149025;1.042523e+01;4.583731e-01;-7.021938e+00
1094841840149025;1.168294e+01;9.284615e-02;-7.500183e+00
1094841860149025;1.237551e+01;-3.771078e-01;-7.225475e+00
1094841880149025;1.170682e+01;-4.015352e-01;-7.393961e+00
1094841900149025;1.071061e+01;-4.244259e-01;-7.151448e+00
1094841920149025;1.072788e+01;-5.044319e-01;-6.360756e+00
1094841940149025;1.089707e+01;-2.429923e-01;-5.460959e+00
1094841960149025;1.051870e+01;-1.976637e-01;-5.710467e+00
1094841980149025;9.288567e+00;-6.292874e-01;-6.431088e+00
1094842000149025;7.885911e+00;-1.128819e+00;-6.539246e+00
1094842020149025;7.336430e+00;-1.061915e+00;-6.110728e+00
1094842040149025;7.628532e+00;-8.783459e-01;-5.382484e+00
1094842060149025;7.809523e+00;-1.173809e+00;-4.764559e+00
1094842080149025;7.370068e+00;-1.615460e+00;-4.268293e+00
1094842100149025;6.749246e+00;-1.807053e+00;-4.315724e+00
1094842120149025;6.424376e+00;-2.051423e+00;-4.560510e+00
1094842140149025;6.492532e+00;-2.578865e+00;-4.924647e+00
