2.965324e+00;2.391441e-01;4.313901e-01;1.832074e+00;2.556795e+01;2.275821e+00;0
2.483694e+00;1.812554e-01;2.478820e-01;1.691649e+00;2.581406e+01;2.497824e+00;0
2.424340e+00;1.733336e-01;1.968409e-01;1.503671e+00;2.144120e+01;2.172823e+00;0
2.470514e+00;1.811704e-01;2.115100e-01;1.611115e+00;2.140777e+01;2.195105e+00;0
2.344111e+00;1.916917e-01;1.912960e-01;1.682541e+00;2.061350e+01;2.152279e+00;0
2.404545e+00;1.931004e-01;2.119602e-01;1.590085e+00;2.083291e+01;1.719264e+00;0
2.270050e+00;1.711342e-01;2.146201e-01;1.359949e+00;1.994607e+01;1.619845e+00;0
2.240047e+00;1.779242e-01;2.434959e-01;1.309592e+00;2.009333e+01;1.570250e+00;0
3.317772e+00;3.243293e-01;4.206107e-01;2.031653e+00;2.705811e+01;2.781070e+00;0
2.220883e+00;1.755911e-01;2.613481e-01;1.300925e+00;1.979816e+01;1.678849e+00;0
2.273085e+00;2.587808e-01;2.532053e-01;2.025716e+00;2.035573e+01;1.814137e+00;0
2.461683e+00;3.259789e-01;2.323982e-01;2.217636e+00;2.162332e+01;2.016602e+00;0
2.554216e+00;3.528310e-01;2.058137e-01;2.294474e+00;2.214303e+01;2.097342e+00;0
2.657316e+00;3.575465e-01;2.014151e-01;2.424569e+00;2.279362e+01;2.435905e+00;0
2.687593e+00;2.613215e-01;2.205998e-01;1.905976e+00;2.312922e+01;2.246182e+00;0
2.641886e+00;2.675247e-01;2.139168e-01;1.759480e+00;2.241167e+01;2.492098e+00;0
2.613300e+00;2.765313e-01;2.252709e-01;1.847370e+00;2.317786e+01;1.997828e+00;0
2.619363e+00;2.761493e-01;2.607859e-01;1.799494e+00;2.341046e+01;2.111491e+00;0
2.472944e+00;2.036691e-01;2.837790e-01;1.543102e+00;2.220231e+01;1.837034e+00;0
2.682417e+00;1.975503e-01;3.281919e-01;1.436114e+00;2.309128e+01;1.945313e+00;0
3.405116e+00;3.467680e-01;4.277564e-01;2.150182e+00;2.407693e+01;2.555586e+00;0
3.278968e+00;3.206084e-01;4.255813e-01;2.079036e+00;2.564414e+01;2.820673e+00;0
2.965437e+00;2.474585e-01;3.429041e-01;1.881747e+00;2.556152e+01;2.514807e+00;0
2.871140e+00;1.632714e-01;2.795312e-01;1.119939e+00;2.752473e+01;2.804738e+00;0
2.413525e+00;1.129802e-01;1.905739e-01;1.009830e+00;2.416758e+01;2.146034e+00;0
2.692716e+00;1.439560e-01;3.270889e-01;1.091526e+00;2.360930e+01;2.135073e+00;0
2.770337e+00;1.263687e-01;2.980653e-01;9.825124e-01;2.360799e+01;1.996073e+00;0
2.776166e+00;9.386688e-02;2.716566e-01;8.385868e-01;2.295936e+01;1.908600e+00;0
2.792106e+00;8.276905e-02;2.333591e-01;8.376270e-01;2.098591e+01;2.093556e+00;0
2.818451e+00;9.985693e-02;2.166941e-01;7.594497e-01;2.048980e+01;2.048781e+00;0
2.790310e+00;1.195779e-01;1.868183e-01;1.095251e+00;2.031137e+01;1.991636e+00;0
2.919205e+00;1.123455e-01;1.690778e-01;8.539246e-01;2.058373e+01;1.895048e+00;0
2.851017e+00;1.037058e-01;1.511691e-01;8.163908e-01;2.107196e+01;1.806244e+00;0
2.847892e+00;8.702949e-02;1.552571e-01;8.094026e-01;1.984218e+01;1.583290e+00;0
2.357821e+00;1.124466e-01;1.738335e-01;9.417999e-01;2.121998e+01;2.151486e+00;0
2.875519e+00;6.433959e-02;1.859368e-01;5.106742e-01;2.082975e+01;1.663046e+00;0
2.679419e+00;5.655274e-02;2.405579e-01;5.139217e-01;2.149371e+01;1.640278e+00;0
2.497334e+00;6.785557e-02;2.236655e-01;7.306952e-01;2.275683e+01;1.658532e+00;0
2.282188e+00;5.330175e-02;1.419130e-01;7.341549e-01;2.157289e+01;1.425832e+00;0
2.227860e+00;4.255459e-02;1.381072e-01;6.298597e-01;2.158155e+01;1.281463e+00;0
2.252273e+00;2.597767e-02;1.418729e-01;5.308867e-01;2.071753e+01;1.247076e+00;0
2.227973e+00;3.562087e-02;1.314433e-01;4.272396e-01;2.131177e+01;1.375244e+00;0
2.531074e+00;9.531803e-02;1.389116e-01;8.449057e-01;2.164486e+01;1.835041e+00;0
2.278815e+00;4.208354e-02;1.412995e-01;4.772370e-01;2.047482e+01;1.344108e+00;0
2.659171e+00;1.068493e-01;2.447357e-01;6.930239e-01;2.002596e+01;1.473571e+00;0
2.881233e+00;9.033732e-02;1.617332e-01;6.869782e-01;2.428870e+01;2.455378e+00;0
2.972968e+00;9.335488e-02;1.752195e-01;6.669861e-01;2.499075e+01;2.533465e+00;0
2.897957e+00;1.086827e-01;2.300909e-01;8.300139e-01;2.497240e+01;2.669053e+00;0
2.867575e+00;1.135387e-01;2.713391e-01;9.892584e-01;2.506352e+01;2.319262e+00;0
2.809564e+00;1.100431e-01;5.267646e-02;1.118562e+00;2.196294e+01;2.460796e+00;0
2.847933e+00;1.124075e-01;7.854856e-02;1.025669e+00;2.333543e+01;2.378194e+00;0
2.841499e+00;1.481886e-01;8.206823e-02;1.280672e+00;2.343140e+01;2.108929e+00;0
2.883111e+00;1.742666e-01;9.816710e-02;1.329064e+00;2.406102e+01;2.134677e+00;0
2.952610e+00;1.901599e-01;8.840571e-02;1.352550e+00;2.453086e+01;2.071759e+00;0
2.877319e+00;2.103688e-01;8.283956e-02;1.574297e+00;2.362835e+01;2.070039e+00;0
2.851831e+00;2.141120e-01;9.853680e-02;1.600429e+00;2.302431e+01;2.153501e+00;0
2.737245e+00;1.882394e-01;8.435606e-02;1.468084e+00;2.209928e+01;2.115133e+00;0
2.638404e+00;1.646188e-01;8.590861e-02;1.376771e+00;2.105096e+01;1.963689e+00;0
2.548613e+00;1.221023e-01;8.405102e-02;1.002653e+00;2.061139e+01;1.875206e+00;0
2.487159e+00;1.061334e-01;8.543376e-02;9.578898e-01;2.065995e+01;1.847010e+00;0
2.488872e+00;9.818659e-02;7.406155e-02;8.840350e-01;2.005770e+01;1.772792e+00;0
2.479808e+00;9.241282e-02;8.400509e-02;9.571364e-01;2.069426e+01;1.856571e+00;0
2.334754e+00;9.052348e-02;7.919858e-02;1.026401e+00;1.987251e+01;1.657428e+00;0
2.270448e+00;9.453304e-02;7.207974e-02;9.705028e-01;1.915447e+01;1.590077e+00;0
2.238604e+00;1.319723e-01;7.471666e-02;1.043925e+00;1.993001e+01;1.795472e+00;0
2.227215e+00;1.744731e-01;2.290242e-01;1.478799e+00;1.998202e+01;1.556320e+00;0
2.695958e+00;3.139404e-01;2.139700e-01;1.913313e+00;2.229554e+01;2.529195e+00;0
3.410595e+00;3.917853e-01;3.974122e-01;2.043862e+00;2.507332e+01;3.129001e+00;0
2.800469e+00;5.643673e-02;2.517572e-01;4.567516e-01;2.103456e+01;1.560816e+00;0
2.289825e+00;6.933537e-02;2.090430e-01;5.745310e-01;1.947791e+01;1.261458e+00;0
2.625627e+00;1.479166e-01;1.500669e-01;1.080355e+00;2.189798e+01;2.108428e+00;0
2.548854e+00;1.469672e-01;8.057044e-02;1.250721e+00;2.052773e+01;1.782998e+00;0
2.685887e+00;2.271776e-01;4.438097e-02;1.887328e+00;2.205725e+01;1.916251e+00;0
2.429372e+00;2.843636e-01;5.087531e-02;1.851973e+00;1.652594e+01;1.757358e+00;0
2.731105e+00;2.168617e-01;1.001942e-01;1.875116e+00;2.259493e+01;2.147045e+00;0
2.234314e+00;1.122657e-01;3.624164e-02;1.074504e+00;2.094272e+01;1.750051e+00;0
2.051670e+00;9.968361e-02;4.957501e-02;1.142958e+00;2.052759e+01;1.566366e+00;0
2.088976e+00;1.130922e-01;5.609946e-02;1.048793e+00;2.033953e+01;1.586172e+00;0
2.048778e+00;1.243527e-01;6.658340e-02;1.361739e+00;2.062569e+01;1.816971e+00;0
2.691738e+00;2.187597e-01;7.215276e-02;2.081569e+00;2.283133e+01;2.054722e+00;0
2.638827e+00;2.053012e-01;3.316467e-02;1.706401e+00;2.142700e+01;1.965349e+00;0
3.190742e+00;4.185903e-01;5.382753e-02;2.836161e+00;2.312839e+01;3.856711e+00;0
3.031772e+00;3.950829e-01;5.212214e-02;2.892628e+00;2.191082e+01;3.023042e+00;0
2.799856e+00;2.821212e-01;8.443597e-02;1.853720e+00;2.010956e+01;2.236302e+00;0
2.673261e+00;2.583762e-01;7.747423e-02;1.878888e+00;1.982527e+01;1.845119e+00;0
2.521080e+00;2.624580e-01;7.699557e-02;1.811279e+00;1.862003e+01;1.897206e+00;0
2.231788e+00;2.519310e-01;8.307581e-02;1.997520e+00;1.775701e+01;1.672282e+00;0
2.155822e+00;2.768114e-01;6.929081e-02;2.445802e+00;1.789375e+01;1.614897e+00;0
2.079460e+00;2.563329e-01;5.693240e-02;2.323025e+00;1.688102e+01;1.500602e+00;0
2.157378e+00;2.720399e-01;4.731714e-02;2.383422e+00;1.735352e+01;1.508883e+00;0
2.248852e+00;3.099607e-01;4.739915e-02;2.407807e+00;1.790758e+01;1.647751e+00;0
2.718680e+00;3.853022e-01;5.474328e-02;2.552619e+00;2.045178e+01;2.775014e+00;0
2.353051e+00;3.005664e-01;6.167970e-02;2.003696e+00;1.702942e+01;1.790831e+00;0
2.650257e+00;2.574164e-01;5.053925e-02;1.768443e+00;1.981342e+01;1.871756e+00;0
2.935387e+00;3.146065e-01;7.803313e-02;1.980337e+00;1.977917e+01;2.040060e+00;0
3.058666e+00;3.112451e-01;9.066961e-02;2.010261e+00;1.985000e+01;2.197426e+00;0
3.270462e+00;2.799197e-01;1.209802e-01;1.788587e+00;2.029412e+01;1.941686e+00;0
3.185606e+00;2.602913e-01;1.277444e-01;1.722171e+00;2.015610e+01;2.102386e+00;0
3.074410e+00;2.081254e-01;1.210392e-01;1.561895e+00;2.018513e+01;1.830768e+00;0
2.518437e+00;3.710315e-01;7.678696e-02;3.184955e+00;1.839881e+01;2.026912e+00;0
2.620845e+00;2.398001e-01;9.463987e-02;1.914626e+00;2.130703e+01;2.014999e+00;0
2.268968e+00;3.333598e-01;9.506880e-02;1.888932e+00;1.668680e+01;1.890183e+00;0
2.675480e+00;3.756719e-01;1.105510e-01;2.290666e+00;1.839459e+01;1.974981e+00;0
2.752067e+00;3.653416e-01;9.862702e-02;2.587436e+00;1.984528e+01;2.137487e+00;0
7.860882e-01;5.618500e-02;2.996135e+00;8.136767e+00;1.556898e+01;2.725098e+00;1
4.110234e-01;3.022092e-02;1.313060e+00;3.790461e+00;9.690186e+00;9.156865e-01;1
4.744355e-01;2.867464e-02;1.489674e+00;4.660470e+00;1.034923e+01;1.020514e+00;1
5.180514e-01;3.774129e-02;1.603672e+00;4.703834e+00;1.167943e+01;1.069585e+00;1
5.545351e-01;3.649952e-02;1.727415e+00;5.344531e+00;1.305228e+01;1.358790e+00;1
6.237431e-01;3.053285e-02;1.964778e+00;5.728869e+00;1.268607e+01;1.358937e+00;1
6.282150e-01;2.819948e-02;1.937862e+00;4.864446e+00;1.201272e+01;1.191445e+00;1
5.810967e-01;3.973516e-02;1.555319e+00;6.299044e+00;9.571594e+00;1.964829e+00;1
6.212508e-01;5.288724e-02;2.722487e+00;6.811807e+00;1.514089e+01;2.447673e+00;1
5.944779e-01;3.942929e-02;1.488924e+00;6.031811e+00;9.738910e+00;1.709483e+00;1
5.634381e-01;4.366453e-02;1.507855e+00;5.728251e+00;9.912376e+00;1.314999e+00;1
6.604114e-01;3.546310e-02;1.622005e+00;5.823837e+00;1.029655e+01;1.596714e+00;1
6.054542e-01;2.654720e-02;1.430853e+00;4.864344e+00;1.014161e+01;1.429513e+00;1
5.299538e-01;3.340800e-02;1.412943e+00;4.909110e+00;8.918741e+00;1.166291e+00;1
5.727337e-01;4.236401e-02;1.545810e+00;5.883401e+00;9.482853e+00;1.257026e+00;1
4.933295e-01;3.875675e-02;1.445139e+00;5.682813e+00;9.754666e+00;1.034423e+00;1
4.885450e-01;3.648969e-02;1.423652e+00;4.605375e+00;8.905717e+00;1.003172e+00;1
5.639947e-01;4.427219e-02;2.408421e+00;6.897207e+00;1.487954e+01;2.287181e+00;1
5.208968e-01;1.897089e-02;1.624227e+00;3.649653e+00;1.261964e+01;1.283146e+00;1
5.274222e-01;1.901263e-02;1.604242e+00;3.862179e+00;1.398758e+01;1.275955e+00;1
4.260249e-01;2.770618e-02;1.451811e+00;3.253362e+00;1.129764e+01;9.037090e-01;1
4.195255e-01;2.171736e-02;1.409156e+00;4.020482e+00;1.033090e+01;8.142265e-01;1
1.269072e+00;9.306440e-02;2.092850e+00;7.910438e+00;1.431822e+01;3.745988e+00;1
1.033010e+00;5.674233e-02;1.631030e+00;5.914209e+00;1.056012e+01;3.265222e+00;1
9.095469e-01;5.617642e-02;1.628729e+00;4.894120e+00;9.188111e+00;2.994420e+00;1
7.730986e-01;4.491725e-02;1.502596e+00;5.953840e+00;9.742998e+00;3.228021e+00;1
9.730444e-01;6.392637e-02;1.289256e+00;5.598442e+00;8.881374e+00;2.655714e+00;1
9.651720e-01;4.339482e-02;1.211802e+00;4.621581e+00;9.500694e+00;2.514466e+00;1
9.233536e-01;7.440549e-02;1.314835e+00;3.637868e+00;8.303324e+00;1.848264e+00;1
1.323349e+00;5.196374e-02;1.938246e+00;7.391126e+00;1.057946e+01;4.227779e+00;1
7.847441e-01;7.551251e-02;1.223603e+00;3.742837e+00;8.872214e+00;1.950356e+00;1
7.349945e-01;4.809851e-02;1.207437e+00;4.263242e+00;8.732131e+00;1.735359e+00;1
6.810667e-01;5.427347e-02;1.122581e+00;4.483681e+00;9.445145e+00;1.589568e+00;1
7.982333e-01;5.119413e-02;1.223115e+00;4.508865e+00;9.828953e+00;1.356062e+00;1
1.340139e+00;2.954701e-02;1.893507e+00;7.563903e+00;1.054304e+01;3.240392e+00;1
1.295338e+00;2.729246e-02;1.796106e+00;7.325571e+00;9.685000e+00;3.221597e+00;1
1.236887e+00;4.035509e-02;1.722692e+00;6.821171e+00;8.962782e+00;2.935543e+00;1
1.105579e+00;3.445786e-02;1.331733e+00;4.870974e+00;8.543048e+00;2.656042e+00;1
5.405373e-01;1.501650e-01;2.944971e+00;1.546364e+01;1.180381e+01;2.879490e+00;1
6.255012e-01;2.924512e-02;3.203652e+00;1.556260e+01;9.741291e+00;1.844834e+00;1
6.247789e-01;5.183216e-02;2.097940e+00;9.452440e+00;8.041947e+00;2.206031e+00;1
5.413046e-01;5.419622e-02;2.016779e+00;1.106163e+01;9.288350e+00;2.288947e+00;1
5.830230e-01;5.002317e-02;2.143892e+00;1.039917e+01;8.835345e+00;2.261589e+00;1
5.225146e-01;2.774910e-02;2.137447e+00;9.470837e+00;8.656254e+00;2.013466e+00;1
7.037018e-01;5.903220e-02;2.439851e+00;1.147872e+01;1.054218e+01;2.513886e+00;1
7.732948e-01;5.845776e-02;2.511685e+00;1.003599e+01;9.371096e+00;2.743931e+00;1
7.783727e-01;5.003622e-02;2.630005e+00;1.245521e+01;8.371020e+00;3.215132e+00;1
7.381155e-01;3.189521e-02;2.533410e+00;1.294817e+01;7.828930e+00;3.083318e+00;1
6.351262e-01;1.983991e-02;2.582217e+00;1.317087e+01;7.246305e+00;2.578095e+00;1
6.089239e-01;2.365841e-02;2.643844e+00;1.367246e+01;8.028515e+00;2.346851e+00;1
5.294062e-01;2.508532e-02;2.360671e+00;1.322941e+01;7.743267e+00;2.320085e+00;1
5.369528e-01;3.873959e-02;2.416004e+00;1.407999e+01;7.887704e+00;2.580137e+00;1
4.775148e-01;3.808569e-02;2.214518e+00;1.403377e+01;6.771244e+00;2.114332e+00;1
4.434936e-01;3.587483e-02;2.108565e+00;1.252775e+01;6.137464e+00;1.948293e+00;1
3.657276e-01;3.970659e-02;1.850364e+00;1.160858e+01;5.423667e+00;1.704677e+00;1
3.890589e-01;4.028082e-02;1.865216e+00;1.084954e+01;5.169620e+00;1.742869e+00;1
4.118635e-01;4.795366e-02;1.914803e+00;1.047332e+01;5.826494e+00;1.728139e+00;1
5.496592e-01;1.048821e-02;2.020375e+00;7.737303e+00;8.429845e+00;1.725300e+00;1
4.004740e-01;5.341741e-02;1.948911e+00;9.634454e+00;5.940848e+00;1.473840e+00;1
5.616666e-01;2.403756e-02;1.707037e+00;5.361440e+00;1.118721e+01;1.533989e+00;1
4.721297e-01;2.567699e-02;1.511701e+00;3.472673e+00;1.234338e+01;1.031687e+00;1
8.871167e-01;7.969983e-02;1.518819e+00;5.860749e+00;8.546278e+00;2.779171e+00;1
6.702580e-01;7.588486e-02;1.229290e+00;3.562803e+00;7.682270e+00;1.643353e+00;1
9.622281e-01;3.086686e-02;1.171412e+00;4.820591e+00;9.844509e+00;2.623223e+00;1
6.493109e-01;4.422771e-02;2.599411e+00;1.017843e+01;9.814947e+00;2.084584e+00;1
5.913689e-01;3.947117e-02;2.533275e+00;1.363925e+01;8.032715e+00;2.350163e+00;1
3.834016e-01;4.062477e-02;2.037172e+00;1.014139e+01;5.506668e+00;1.547789e+00;1
5.492973e-01;1.052010e-01;1.960842e+00;8.165128e+00;8.554890e+00;1.381772e+00;1
5.785641e-01;7.124609e-02;2.120374e+00;1.119991e+01;8.396081e+00;2.094340e+00;1
3.148163e-01;4.226386e-02;2.127147e+00;1.104692e+01;5.660671e+00;9.022406e-01;1
3.494260e-01;3.420840e-02;2.014328e+00;1.085644e+01;6.143706e+00;1.199625e+00;1
5.016793e-01;1.339047e-02;1.983980e+00;9.832797e+00;9.418173e+00;2.200127e+00;1
5.533692e-01;1.797216e-02;2.251017e+00;9.960005e+00;9.184352e+00;2.169640e+00;1
5.241581e-01;2.761313e-02;2.169956e+00;1.072393e+01;8.939285e+00;2.231816e+00;1
6.816314e-01;1.102503e-01;2.205854e+00;1.073780e+01;1.408044e+01;1.450692e+00;1
7.559163e-01;7.698243e-02;2.216587e+00;9.346054e+00;1.157600e+01;1.133810e+00;1
5.432331e-01;6.759029e-02;2.144227e+00;8.631705e+00;9.797874e+00;1.255406e+00;1
5.960055e-01;5.862914e-02;2.300583e+00;9.106516e+00;1.005240e+01;1.547449e+00;1
5.625659e-01;1.327441e-01;2.262234e+00;9.324623e+00;1.075970e+01;1.312904e+00;1
5.676066e-01;1.293889e-01;2.607341e+00;9.665576e+00;1.160814e+01;1.204596e+00;1
6.655237e-01;8.516531e-02;2.809431e+00;1.072081e+01;1.330075e+01;1.588631e+00;1
8.019122e-01;6.882645e-02;2.467009e+00;9.792862e+00;1.169184e+01;1.801307e+00;1
6.755967e-01;6.322268e-02;2.626046e+00;1.292867e+01;1.295685e+01;2.024059e+00;1
6.096912e-01;6.345727e-02;2.393547e+00;1.254840e+01;7.922094e+00;2.248008e+00;1
4.697761e-01;6.923293e-02;1.927475e+00;9.906628e+00;7.820754e+00;1.612964e+00;1
4.246212e-01;4.727983e-02;1.879681e+00;9.954041e+00;5.709310e+00;1.586109e+00;1
4.654602e-01;4.489578e-02;2.003354e+00;1.160570e+01;5.802653e+00;1.902756e+00;1
5.345716e-01;2.993384e-02;2.197597e+00;1.115225e+01;4.753002e+00;2.080051e+00;1
5.358737e-01;3.222837e-02;2.044537e+00;1.326408e+01;5.938833e+00;2.549100e+00;1
6.421175e-01;5.636994e-02;2.438651e+00;1.230433e+01;6.261619e+00;2.221440e+00;1
6.110896e-01;6.364468e-02;2.273068e+00;1.325373e+01;6.288740e+00;1.947515e+00;1
8.057499e-01;3.169398e-02;2.235026e+00;6.740074e+00;1.145892e+01;2.340511e+00;1
8.656744e-01;3.650479e-02;2.009472e+00;7.572991e+00;1.271416e+01;2.741076e+00;1
8.592739e-01;2.919776e-02;1.843631e+00;6.719242e+00;1.111287e+01;2.362257e+00;1
7.669742e-01;3.738699e-02;1.660865e+00;6.834232e+00;9.897236e+00;1.839054e+00;1
6.385308e-01;3.960970e-02;1.585448e+00;7.544463e+00;1.081309e+01;1.363168e+00;1
5.807276e-01;6.128637e-02;2.050939e+00;7.760011e+00;9.841887e+00;1.247977e+00;1
3.333980e+00;8.442423e-01;4.654859e-02;5.149251e+00;1.675626e+01;2.349364e+01;2
3.073693e+00;8.069281e-01;4.227293e-02;3.815471e+00;1.726396e+01;1.829950e+01;2
3.391672e+00;1.159979e+00;3.101748e-02;6.106808e+00;1.684769e+01;1.674030e+01;2
3.506654e+00;1.153505e+00;4.190670e-02;6.203004e+00;1.560872e+01;1.440287e+01;2
3.859928e+00;1.259091e+00;5.703909e-02;5.494966e+00;1.087465e+01;1.211961e+01;2
3.730885e+00;1.279136e+00;7.022329e-02;6.691324e+00;1.241678e+01;1.148680e+01;2
3.696825e+00;1.172074e+00;9.150943e-02;5.081197e+00;1.494588e+01;1.139418e+01;2
3.438591e+00;8.818959e-01;8.468083e-02;4.132666e+00;1.568293e+01;1.403708e+01;2
3.524268e+00;8.124961e-01;9.075694e-02;5.550612e+00;1.628237e+01;1.481157e+01;2
3.524202e+00;8.064815e-01;1.038930e-01;6.370494e+00;1.719586e+01;1.448215e+01;2
3.611989e+00;8.505676e-01;9.601680e-02;6.581592e+00;1.683066e+01;1.402520e+01;2
3.624478e+00;8.080824e-01;7.768465e-02;5.912038e+00;1.624607e+01;1.388745e+01;2
3.685999e+00;7.836663e-01;4.005869e-02;5.434302e+00;1.670158e+01;1.598470e+01;2
3.746436e+00;8.644544e-01;5.464391e-02;4.180810e+00;1.236979e+01;1.466628e+01;2
3.019588e+00;1.005590e+00;2.875310e-02;4.646416e+00;1.556132e+01;1.348699e+01;2
3.372519e+00;9.716527e-01;7.254544e-02;5.197070e+00;1.327290e+01;1.468122e+01;2
3.189692e+00;9.865726e-01;9.483113e-02;5.520509e+00;1.166654e+01;1.475400e+01;2
3.369618e+00;1.084929e+00;8.480593e-02;5.555499e+00;1.221825e+01;1.498256e+01;2
3.309869e+00;1.087380e+00;1.933747e-02;4.720008e+00;1.347040e+01;1.184078e+01;2
3.094257e+00;9.419053e-01;1.192495e-02;5.341317e+00;1.556154e+01;1.481290e+01;2
3.010546e+00;9.533757e-01;2.220508e-02;5.618805e+00;1.635335e+01;1.625453e+01;2
2.974493e+00;9.507183e-01;2.507638e-02;6.145045e+00;1.673671e+01;1.572225e+01;2
4.874391e+00;6.367831e-01;5.151378e-02;2.392725e+00;2.309231e+01;1.566072e+01;2
4.990831e+00;5.696568e-01;9.595498e-02;4.401954e+00;2.517514e+01;1.657104e+01;2
4.524919e+00;5.399593e-01;1.037337e-01;3.369789e+00;1.970152e+01;1.487830e+01;2
4.298025e+00;4.440565e-01;9.174664e-02;2.767731e+00;1.845304e+01;1.309811e+01;2
4.272349e+00;4.944614e-01;6.945001e-02;2.411148e+00;1.284226e+01;1.165530e+01;2
4.435765e+00;6.017763e-01;7.993345e-02;3.612842e+00;1.694848e+01;1.017970e+01;2
4.393705e+00;5.829488e-01;7.494654e-02;3.610305e+00;1.607523e+01;1.083198e+01;2
4.394457e+00;6.768994e-01;8.588021e-02;4.298954e+00;1.893284e+01;1.184351e+01;2
4.389000e+00;5.412068e-01;6.476087e-02;3.717005e+00;1.833076e+01;1.622970e+01;2
4.099620e+00;4.523152e-01;4.388406e-02;3.476614e+00;1.593434e+01;1.745980e+01;2
3.865350e+00;4.120815e-01;4.351968e-02;3.193970e+00;1.604958e+01;1.658231e+01;2
3.650923e+00;3.900494e-01;3.941942e-02;3.448546e+00;1.605568e+01;1.555930e+01;2
3.628350e+00;5.180035e-01;3.842230e-02;3.804636e+00;1.757436e+01;1.161433e+01;2
3.954105e+00;6.885932e-01;4.630163e-02;3.853695e+00;1.785309e+01;9.395801e+00;2
3.990904e+00;6.362716e-01;3.734257e-02;2.614047e+00;1.463630e+01;9.820823e+00;2
3.966741e+00;7.114766e-01;5.417331e-02;3.700727e+00;1.755735e+01;9.855222e+00;2
4.104837e+00;6.812005e-01;5.081393e-02;3.738005e+00;1.707476e+01;1.265698e+01;2
3.679057e+00;6.686242e-01;4.885302e-02;3.753178e+00;1.701994e+01;1.341544e+01;2
4.117394e+00;6.045664e-01;3.543709e-02;2.977635e+00;1.930039e+01;1.588469e+01;2
3.576259e+00;6.041893e-01;2.132920e-02;2.754803e+00;1.319895e+01;1.349905e+01;2
3.724074e+00;7.326609e-01;2.113683e-02;2.863387e+00;1.398102e+01;9.463230e+00;2
3.912486e+00;5.707458e-01;2.571968e-02;2.608772e+00;1.710116e+01;1.701735e+01;2
4.435929e+00;6.178725e-01;2.773095e-02;2.640266e+00;1.736978e+01;1.849809e+01;2
4.677960e+00;7.083107e-01;5.914038e-02;3.631193e+00;1.890087e+01;1.617529e+01;2
4.962356e+00;7.161848e-01;6.223539e-02;3.963337e+00;1.953724e+01;1.697533e+01;2
4.981679e+00;6.679537e-01;8.722076e-02;5.124343e+00;2.292856e+01;1.503063e+01;2
4.815980e+00;1.820040e+00;7.619402e-02;8.312803e+00;2.011393e+01;1.889596e+01;2
4.725408e+00;1.573810e+00;4.752309e-02;7.496455e+00;1.788463e+01;2.059871e+01;2
4.734185e+00;1.825980e+00;1.375756e-01;8.674936e+00;1.746689e+01;1.806671e+01;2
4.660996e+00;1.670896e+00;1.711043e-01;8.148329e+00;1.727760e+01;1.896455e+01;2
4.280091e+00;1.513316e+00;4.273892e-02;7.583172e+00;1.846038e+01;1.680905e+01;2
4.328518e+00;1.699802e+00;4.078623e-02;7.781535e+00;1.976669e+01;1.651661e+01;2
4.770642e+00;1.638684e+00;2.326954e-02;7.678769e+00;1.952184e+01;1.765628e+01;2
4.010691e+00;1.701458e+00;1.757299e-01;7.650697e+00;1.809830e+01;1.352614e+01;2
4.694445e+00;1.376942e+00;3.188097e-02;6.242269e+00;2.128061e+01;1.930698e+01;2
4.794083e+00;1.132990e+00;3.006620e-02;5.406826e+00;2.153811e+01;1.804175e+01;2
4.764659e+00;1.080023e+00;4.255667e-02;5.517192e+00;2.120433e+01;1.827853e+01;2
3.644711e+00;1.050734e+00;8.871819e-02;5.027064e+00;1.549515e+01;1.240906e+01;2
3.589801e+00;7.859995e-01;2.665827e-02;5.178799e+00;1.582817e+01;1.507962e+01;2
3.089113e+00;1.013074e+00;2.300335e-02;3.793975e+00;1.077319e+01;1.174232e+01;2
4.632274e+00;5.927359e-01;1.230594e-01;3.992064e+00;2.408287e+01;1.428713e+01;2
5.070557e+00;7.018612e-01;8.431740e-02;4.420470e+00;2.254360e+01;1.525743e+01;2
4.339520e+00;1.602250e+00;1.773674e-01;8.233293e+00;1.788116e+01;1.649752e+01;2
4.511423e+00;1.220281e+00;7.530362e-02;4.428873e+00;2.175083e+01;1.529446e+01;2
4.532595e+00;1.512478e+00;6.113708e-02;6.147785e+00;2.069669e+01;1.321094e+01;2
4.373059e+00;1.639760e+00;6.416913e-02;6.521381e+00;2.134593e+01;1.199914e+01;2
3.968519e+00;1.260760e+00;2.747098e-02;5.676104e+00;1.913714e+01;1.031399e+01;2
4.230770e+00;1.262255e+00;3.999162e-02;5.471677e+00;1.731864e+01;1.393928e+01;2
4.114674e+00;1.677442e+00;1.773953e-01;8.643461e+00;1.737945e+01;1.650187e+01;2
4.230234e+00;1.328201e+00;4.884975e-02;5.830423e+00;1.548365e+01;1.296785e+01;2
4.708302e+00;1.268565e+00;4.013780e-02;6.748904e+00;1.571535e+01;1.520808e+01;2
4.518832e+00;1.258934e+00;3.658027e-02;7.216527e+00;1.729960e+01;1.643670e+01;2
4.624166e+00;1.105436e+00;5.552748e-02;6.050981e+00;1.718491e+01;2.115354e+01;2
4.655116e+00;1.059873e+00;3.898486e-02;5.389252e+00;1.784821e+01;1.883879e+01;2
4.874797e+00;1.256166e+00;4.143163e-02;6.393223e+00;1.925736e+01;1.850001e+01;2
2.013221e-02;6.827871e-01;2.793940e-01;4.552139e+00;3.816477e+00;1.191611e+01;3
1.909147e-02;6.230624e-01;2.906584e-01;2.414048e+00;4.190423e+00;9.267474e+00;3
9.288922e-03;5.755531e-01;3.487838e-01;2.044800e+00;5.038010e+00;8.758446e+00;3
1.073603e-02;6.735286e-01;3.624497e-01;2.673990e+00;4.851748e+00;9.996954e+00;3
1.233654e-02;8.342825e-01;4.050767e-01;2.875417e+00;5.139461e+00;1.191943e+01;3
1.381774e-02;8.037597e-01;4.088802e-01;2.661525e+00;5.035319e+00;1.117375e+01;3
1.340099e-02;7.709557e-01;4.313646e-01;2.555582e+00;5.944609e+00;1.149957e+01;3
7.644920e-03;4.763751e-01;3.925459e-01;1.278071e+00;6.045440e+00;7.471495e+00;3
6.694545e-03;5.429073e-01;4.242753e-01;1.648386e+00;6.234050e+00;8.246094e+00;3
8.510236e-03;6.714822e-01;4.699733e-01;2.097953e+00;6.785201e+00;9.056044e+00;3
1.563752e-02;6.584868e-01;3.367866e-01;2.504079e+00;4.561283e+00;1.103617e+01;3
8.515354e-03;7.703207e-01;5.003287e-01;2.759027e+00;6.766644e+00;9.359568e+00;3
8.558344e-03;7.588360e-01;4.524503e-01;2.660451e+00;6.686198e+00;1.037486e+01;3
6.633832e-03;7.291009e-01;3.887841e-01;2.500994e+00;5.541341e+00;9.402265e+00;3
5.505774e-03;5.437267e-01;3.040380e-01;1.108890e+00;4.568647e+00;8.291672e+00;3
9.077593e-03;5.174105e-01;3.420383e-01;1.327135e+00;5.031879e+00;8.031676e+00;3
1.376303e-02;5.095435e-01;3.416273e-01;1.329752e+00;5.599786e+00;8.611167e+00;3
1.022445e-02;4.799702e-01;3.345071e-01;9.764648e-01;5.383951e+00;7.811947e+00;3
8.467452e-03;4.601401e-01;3.330851e-01;9.742721e-01;5.242838e+00;8.035126e+00;3
1.829594e-02;6.371942e-01;3.765148e-01;2.361822e+00;5.577239e+00;9.855593e+00;3
8.089008e-03;4.330305e-01;3.037459e-01;6.155337e-01;5.012603e+00;6.928613e+00;3
4.729269e-03;4.210119e-01;2.871749e-01;6.130116e-01;4.413976e+00;6.663061e+00;3
1.014895e-02;4.238169e-01;2.859247e-01;6.161133e-01;4.466249e+00;6.461547e+00;3
3.984285e-03;4.756423e-01;3.100221e-01;9.087560e-01;4.815777e+00;7.967634e+00;3
1.412375e-02;4.970481e-01;3.084808e-01;8.460907e-01;5.111010e+00;8.542836e+00;3
1.614127e-02;4.415897e-01;2.961550e-01;9.050621e-01;5.184669e+00;8.700175e+00;3
8.338023e-03;5.356789e-01;3.819478e-01;1.202387e+00;5.644455e+00;8.358717e+00;3
9.973925e-03;5.837032e-01;3.749291e-01;2.346670e+00;5.673472e+00;9.425658e+00;3
6.447511e-03;5.326636e-01;3.346312e-01;1.707506e+00;5.327456e+00;8.479660e+00;3
7.252194e-03;5.396537e-01;3.347428e-01;2.106142e+00;5.591849e+00;9.157505e+00;3
6.145119e-03;3.310647e-01;3.090437e-01;2.114064e+00;4.411411e+00;4.564464e+00;3
1.085739e-02;3.685692e-01;2.803926e-01;2.144296e+00;3.991672e+00;4.870657e+00;3
1.325145e-02;4.525087e-01;2.891796e-01;2.404031e+00;3.773999e+00;7.530264e+00;3
1.065336e-02;4.408334e-01;2.893117e-01;2.342847e+00;4.412947e+00;6.891083e+00;3
1.281355e-02;4.410866e-01;3.437607e-01;2.593509e+00;5.055947e+00;8.628552e+00;3
1.589926e-02;3.662659e-01;3.852608e-01;1.840964e+00;5.565352e+00;7.058506e+00;3
1.823048e-02;3.298330e-01;3.874214e-01;1.071546e+00;5.091430e+00;5.262537e+00;3
1.598393e-02;3.777967e-01;4.162510e-01;2.845144e+00;7.007504e+00;6.844814e+00;3
5.194831e-03;6.231271e-01;4.399111e-01;3.294626e+00;5.535443e+00;8.030587e+00;3
8.935269e-03;4.027487e-01;4.739093e-01;2.779891e+00;6.641847e+00;6.127843e+00;3
6.840297e-03;3.735093e-01;4.522308e-01;2.527436e+00;5.779363e+00;6.004521e+00;3
1.354152e-02;4.658541e-01;3.630295e-01;2.668879e+00;3.852692e+00;5.608397e+00;3
7.147204e-03;3.347633e-01;2.624716e-01;1.537851e+00;3.362511e+00;4.777093e+00;3
9.787826e-03;5.898996e-01;4.517646e-01;2.438023e+00;5.580598e+00;7.058773e+00;3
6.433823e-03;2.413925e-01;1.981805e-01;9.285720e-01;2.914665e+00;4.119684e+00;3
7.391151e-03;2.291352e-01;1.984332e-01;7.676073e-01;2.829552e+00;3.897428e+00;3
1.224931e-02;5.288687e-01;4.194405e-01;2.425083e+00;5.779287e+00;7.429141e+00;3
1.397860e-02;4.674680e-01;3.964777e-01;2.031713e+00;5.618368e+00;6.535763e+00;3
1.871588e-02;4.588950e-01;4.257052e-01;2.021723e+00;5.832851e+00;6.271027e+00;3
1.641248e-02;3.680988e-01;4.043024e-01;2.250401e+00;6.089844e+00;5.980469e+00;3
1.314000e-02;3.080850e-01;3.992758e-01;2.177020e+00;5.540627e+00;4.363479e+00;3
9.596040e-03;3.003410e-01;3.591205e-01;2.250017e+00;5.156623e+00;4.822454e+00;3
1.189187e-02;9.020289e-01;4.190019e-01;5.240478e+00;4.591831e+00;8.051036e+00;3
5.805157e-03;4.655642e-01;3.946594e-01;1.556206e+00;6.057327e+00;7.566109e+00;3
7.800336e-03;5.671805e-01;3.142134e-01;1.146695e+00;4.569318e+00;8.510699e+00;3
1.340848e-02;4.903729e-01;3.344979e-01;7.850919e-01;4.737659e+00;7.171026e+00;3
8.583931e-03;6.990349e-01;4.655072e-01;5.721486e+00;6.089891e+00;9.430438e+00;3
1.603109e-02;3.645410e-01;4.094265e-01;1.088672e+00;5.557820e+00;5.266942e+00;3
1.311411e-02;4.560213e-01;3.990863e-01;2.721842e+00;4.450344e+00;6.254685e+00;3
8.660053e-03;2.110835e-01;1.954672e-01;6.805242e-01;2.785445e+00;3.609555e+00;3
9.255456e-03;6.186343e-01;3.918714e-01;4.255580e+00;3.987490e+00;6.658954e+00;3
6.360849e-03;3.907729e-01;3.107264e-01;2.194122e+00;4.094326e+00;5.082367e+00;3
9.807665e-03;4.756248e-01;4.533143e-01;2.290067e+00;4.960276e+00;5.731738e+00;3
6.061309e-03;4.011706e-01;4.272606e-01;1.593381e+00;6.377448e+00;6.553094e+00;3
1.442016e-02;4.615213e-01;3.831231e-01;2.455564e+00;4.967232e+00;6.243733e+00;3
2.824350e-02;4.137019e-01;3.721154e-01;1.361417e+00;5.366662e+00;7.634174e+00;3
1.170223e-02;5.345632e-01;3.746104e-01;2.711726e+00;4.746414e+00;6.687380e+00;3
1.292215e-02;5.768229e-01;3.862874e-01;2.543964e+00;4.404732e+00;7.010289e+00;3
2.811548e-02;3.448935e-01;3.290554e-01;2.075501e+00;4.043515e+00;6.117355e+00;3
1.028434e-02;4.916452e-01;4.298594e-01;3.063643e+00;4.870331e+00;5.392011e+00;3
3.286619e-02;3.123885e-01;3.381536e-01;2.077864e+00;4.168448e+00;5.779053e+00;3
3.074454e-02;3.507860e-01;3.997536e-01;2.148027e+00;4.380630e+00;6.223114e+00;3
1.042388e-02;3.716019e-01;3.496263e-01;1.646753e+00;4.160239e+00;4.971051e+00;3
6.248482e-03;4.246591e-01;3.227986e-01;1.813578e+00;3.458156e+00;5.780677e+00;3
6.050430e-03;3.975052e-01;2.745129e-01;1.836384e+00;3.327895e+00;5.267722e+00;3
7.405155e-03;2.629101e-01;2.818088e-01;2.010353e+00;4.457945e+00;3.717288e+00;3
8.677175e-03;2.836158e-01;3.001037e-01;1.972057e+00;4.497850e+00;4.152474e+00;3
1.132310e-02;4.314972e-01;3.948388e-01;3.156959e+00;4.814243e+00;4.948496e+00;3
8.855495e-03;2.895493e-01;2.822667e-01;1.775193e+00;4.092895e+00;4.369711e+00;3
7.627710e-03;3.622325e-01;3.766107e-01;1.835535e+00;4.640594e+00;4.626912e+00;3
8.607363e-03;4.146447e-01;3.952161e-01;1.956848e+00;4.778991e+00;5.151285e+00;3
1.388579e-02;4.954876e-01;4.621603e-01;2.429341e+00;5.089272e+00;7.058427e+00;3
1.281473e-02;4.222932e-01;3.960519e-01;2.075537e+00;4.710636e+00;7.176107e+00;3
9.986037e-03;3.639216e-01;3.873345e-01;1.167126e+00;5.476354e+00;5.581674e+00;3
4.099240e-03;3.180985e-01;3.712022e-01;1.251716e+00;5.341467e+00;5.156866e+00;3
1.296210e-02;4.324340e-01;3.806617e-01;2.953223e+00;5.453984e+00;5.918068e+00;3
2.705314e-03;3.337248e-01;4.025104e-01;1.368279e+00;6.425867e+00;5.904652e+00;3
3.461549e-03;3.426051e-01;4.355573e-01;1.597375e+00;6.594427e+00;5.407741e+00;3
8.358562e-03;4.421268e-01;4.475510e-01;1.609373e+00;6.695657e+00;6.680407e+00;3
8.603747e-03;4.593043e-01;4.610493e-01;1.498630e+00;5.795801e+00;6.438512e+00;3
6.596665e-03;3.872618e-01;5.138869e-01;9.443291e-01;6.749542e+00;5.555022e+00;3
1.745805e-02;4.159069e-01;3.548464e-01;3.056350e+00;5.142651e+00;5.855633e+00;3
1.445229e-02;4.317466e-01;3.283403e-01;2.086810e+00;5.002782e+00;6.438614e+00;3
1.178820e-02;4.342659e-01;3.657927e-01;2.446305e+00;5.320573e+00;6.812320e+00;3
1.010483e-02;4.603047e-01;3.889467e-01;2.682433e+00;5.354349e+00;6.653647e+00;3
3.743343e-02;6.947972e-01;5.176719e-01;3.123337e+00;7.255437e+00;9.946808e+00;3
3.286496e-02;5.719125e-01;3.817243e-01;3.235421e+00;3.613773e+00;8.150635e+00;3
3.209699e-02;4.457631e-01;2.928624e-01;1.095419e+00;3.600648e+00;6.888840e+00;3
4.501489e-02;6.124435e-01;3.128152e-01;1.738230e+00;3.605484e+00;1.038447e+01;3
4.418003e-02;5.868126e-01;3.192499e-01;1.696844e+00;3.877192e+00;9.416175e+00;3
3.711599e-02;5.877719e-01;3.420064e-01;1.859640e+00;3.951678e+00;9.932653e+00;3
4.498670e-02;4.849121e-01;5.028401e-01;2.666645e+00;7.005699e+00;9.070811e+00;3
5.175747e-02;3.738148e-01;4.615443e-01;2.206672e+00;6.226290e+00;7.563006e+00;3
5.134956e-02;3.758096e-01;4.463561e-01;1.268420e+00;6.012038e+00;6.496102e+00;3
3.152731e-02;3.925974e-01;3.619828e-01;9.113063e-01;4.581735e+00;6.295086e+00;3
3.196235e-02;4.351978e-01;3.730827e-01;1.036807e+00;4.928685e+00;7.800567e+00;3
3.367834e-02;4.182615e-01;4.029205e-01;1.386625e+00;5.704940e+00;8.130316e+00;3
3.096620e-02;3.767888e-01;4.214834e-01;1.503467e+00;5.557854e+00;6.015700e+00;3
2.662936e-02;3.483128e-01;3.709492e-01;1.140704e+00;4.578596e+00;5.644461e+00;3
1.468104e-02;3.473306e-01;3.290600e-01;1.022008e+00;4.326953e+00;5.243323e+00;3
2.034797e-02;3.736995e-01;3.422411e-01;9.434501e-01;4.458226e+00;6.215446e+00;3
4.028390e-02;4.573228e-01;4.223836e-01;1.724165e+00;5.571596e+00;8.486239e+00;3
4.325778e-02;3.920926e-01;3.497459e-01;7.676147e-01;5.240900e+00;6.345611e+00;3
3.112954e-02;3.583305e-01;3.173220e-01;5.722998e-01;4.554879e+00;5.685899e+00;3
1.006071e-02;3.802871e-01;3.329519e-01;1.881334e+00;4.295758e+00;6.857387e+00;3
2.219058e-02;3.761142e-01;3.193376e-01;9.745048e-01;4.949825e+00;6.063447e+00;3
2.762434e-02;3.780872e-01;3.155596e-01;9.311956e-01;4.513483e+00;6.440772e+00;3
4.036902e-02;3.976138e-01;3.081547e-01;7.891456e-01;4.149319e+00;6.103036e+00;3
4.080899e-02;4.547288e-01;3.177294e-01;1.030041e+00;3.859655e+00;7.956385e+00;3
